Referencia;CODCB;TECFORMA;SILKPAL;COSTURA;TAMANHO;FISICO;DESCRI;CORES;CODPRO;TRANSITO;SALDO;POSICAO;CODBARRA
E-BA-11   ;B.PINK  ;M    ;.    ;.    ;8 S  ;2;SAPATILHA MEIA PONTA COURO COM LYCRA®;B.PINK  ;42067;0;2;6;789056751430
E-BA-11   ;B.PINK  ;M    ;.    ;.    ;8½ S ;4;SAPATILHA MEIA PONTA COURO COM LYCRA®;B.PINK  ;42069;0;4;7;789056751431
E-BA-11   ;B.PINK  ;M    ;.    ;.    ;9 S  ;5;SAPATILHA MEIA PONTA COURO COM LYCRA®;B.PINK  ;42071;0;5;8;789056751432
E-BA-11   ;B.PINK  ;M    ;.    ;.    ;9½ S ;3;SAPATILHA MEIA PONTA COURO COM LYCRA®;B.PINK  ;42073;0;3;9;789056751433
E-BA-11   ;B.PINK  ;M    ;.    ;.    ;10 S ;6;SAPATILHA MEIA PONTA COURO COM LYCRA®;B.PINK  ;42041;0;6;10;789563066247
E-BA-11   ;B.PINK  ;M    ;.    ;.    ;10½S ;6;SAPATILHA MEIA PONTA COURO COM LYCRA®;B.PINK  ;42043;0;6;11;789563066248
E-BA-11   ;B.PINK  ;M    ;.    ;.    ;11 S ;4;SAPATILHA MEIA PONTA COURO COM LYCRA®;B.PINK  ;42045;0;4;12;789563004626
E-BA-11   ;B.PINK  ;M    ;.    ;.    ;11½S ;1;SAPATILHA MEIA PONTA COURO COM LYCRA®;B.PINK  ;42047;0;1;13;789563004627
E-BA-11   ;B.PINK  ;M    ;.    ;.    ;12 S ;12;SAPATILHA MEIA PONTA COURO COM LYCRA®;B.PINK  ;42049;0;12;14;789563004628
E-BA-11   ;B.PINK  ;M    ;.    ;.    ;12½S ;11;SAPATILHA MEIA PONTA COURO COM LYCRA®;B.PINK  ;42050;0;11;15;789563004629
E-BA-11   ;B.PINK  ;M    ;.    ;.    ;13 S ;7;SAPATILHA MEIA PONTA COURO COM LYCRA®;B.PINK  ;42051;0;7;17;789563001015
E-BA-11   ;B.PINK  ;M    ;.    ;.    ;13½S ;7;SAPATILHA MEIA PONTA COURO COM LYCRA®;B.PINK  ;42052;0;7;18;789563001016
E-BA-11   ;B.PINK  ;M    ;.    ;.    ;1 L  ;18;SAPATILHA MEIA PONTA COURO COM LYCRA®;B.PINK  ;42039;0;18;19;789563001017
E-BA-11   ;B.PINK  ;M    ;.    ;.    ;1½ L ;24;SAPATILHA MEIA PONTA COURO COM LYCRA®;B.PINK  ;42053;0;24;20;789563001018
E-BA-11   ;B.PINK  ;M    ;.    ;.    ;2 L  ;47;SAPATILHA MEIA PONTA COURO COM LYCRA®;B.PINK  ;42054;0;47;21;789563001019
E-BA-11   ;B.PINK  ;M    ;.    ;.    ;2½ L ;8;SAPATILHA MEIA PONTA COURO COM LYCRA®;B.PINK  ;42055;0;8;23;789563001020
E-BA-11   ;B.PINK  ;M    ;.    ;.    ;3 L  ;45;SAPATILHA MEIA PONTA COURO COM LYCRA®;B.PINK  ;42056;0;45;24;789563001021
E-BA-11   ;B.PINK  ;M    ;.    ;.    ;3½ L ;4;SAPATILHA MEIA PONTA COURO COM LYCRA®;B.PINK  ;42057;0;4;25;789563001022
E-BA-11   ;B.PINK  ;M    ;.    ;.    ;4 L  ;6;SAPATILHA MEIA PONTA COURO COM LYCRA®;B.PINK  ;42058;0;6;27;789563000614
E-BA-11   ;B.PINK  ;M    ;.    ;.    ;4½ L ;20;SAPATILHA MEIA PONTA COURO COM LYCRA®;B.PINK  ;42059;0;20;28;789563001023
E-BA-11   ;B.PINK  ;M    ;.    ;.    ;5 L  ;14;SAPATILHA MEIA PONTA COURO COM LYCRA®;B.PINK  ;42060;0;14;29;789563001024
E-BA-11   ;B.PINK  ;M    ;.    ;.    ;5½ L ;1;SAPATILHA MEIA PONTA COURO COM LYCRA®;B.PINK  ;42061;0;1;31;789563000615
E-BA-11   ;B.PINK  ;M    ;.    ;.    ;6 L  ;1;SAPATILHA MEIA PONTA COURO COM LYCRA®;B.PINK  ;42062;0;1;32;789563001025
E-BA-11   ;B.PINK  ;M    ;.    ;.    ;6½ L ;6;SAPATILHA MEIA PONTA COURO COM LYCRA®;B.PINK  ;42063;0;6;33;789563001026
E-BA-11   ;B.PINK  ;M    ;.    ;.    ;7 L  ;8;SAPATILHA MEIA PONTA COURO COM LYCRA®;B.PINK  ;42064;0;8;34;789563001027
E-BA-11   ;B.PINK  ;M    ;.    ;.    ;9½ L ;2;SAPATILHA MEIA PONTA COURO COM LYCRA®;B.PINK  ;42072;0;2;39;789563006978
E-BA-11   ;B.PINK  ;M    ;.    ;.    ;10 L ;4;SAPATILHA MEIA PONTA COURO COM LYCRA®;B.PINK  ;42040;0;4;40;789563006979
E-BA-11   ;B.PINK  ;M    ;.    ;.    ;10½L ;1;SAPATILHA MEIA PONTA COURO COM LYCRA®;B.PINK  ;42042;0;1;41;789056710912
E-BA-11   ;B.PINK  ;M    ;.    ;.    ;11½L ;2;SAPATILHA MEIA PONTA COURO COM LYCRA®;B.PINK  ;42046;0;2;43;789056772039
E-BA-11   ;B.PINK  ;M    ;.    ;.    ;12 L ;1;SAPATILHA MEIA PONTA COURO COM LYCRA®;B.PINK  ;42048;0;1;44;789056772040
E-BA-13   ;S.PINK  ;M    ;.    ;.    ;9 S  ;4;SAPATILHA MEIA PONTA LONA COM LYCRA®;S.PINK  ;42307;0;4;8;789056751144
E-BA-13   ;S.PINK  ;M    ;.    ;.    ;9½ S ;3;SAPATILHA MEIA PONTA LONA COM LYCRA®;S.PINK  ;42309;0;3;9;789056751151
E-BA-13   ;S.PINK  ;M    ;.    ;.    ;10 S ;15;SAPATILHA MEIA PONTA LONA COM LYCRA®;S.PINK  ;42277;0;15;10;789056720149
E-BA-13   ;S.PINK  ;M    ;.    ;.    ;10½S ;4;SAPATILHA MEIA PONTA LONA COM LYCRA®;S.PINK  ;42279;0;4;11;789056721376
E-BA-13   ;S.PINK  ;M    ;.    ;.    ;11 S ;14;SAPATILHA MEIA PONTA LONA COM LYCRA®;S.PINK  ;42281;0;14;12;789056721397
E-BA-13   ;S.PINK  ;M    ;.    ;.    ;11½S ;7;SAPATILHA MEIA PONTA LONA COM LYCRA®;S.PINK  ;42283;0;7;13;789056721398
E-BA-13   ;S.PINK  ;M    ;.    ;.    ;12 S ;8;SAPATILHA MEIA PONTA LONA COM LYCRA®;S.PINK  ;42285;0;8;14;789563086336
E-BA-13   ;S.PINK  ;M    ;.    ;.    ;12½S ;1;SAPATILHA MEIA PONTA LONA COM LYCRA®;S.PINK  ;42286;0;1;15;789563086291
E-BA-13   ;S.PINK  ;M    ;.    ;.    ;13 S ;8;SAPATILHA MEIA PONTA LONA COM LYCRA®;S.PINK  ;42287;0;8;17;789056705614
E-BA-13   ;S.PINK  ;M    ;.    ;.    ;13½S ;13;SAPATILHA MEIA PONTA LONA COM LYCRA®;S.PINK  ;42288;0;13;18;789056705618
E-BA-13   ;S.PINK  ;M    ;.    ;.    ;1½ L ;2;SAPATILHA MEIA PONTA LONA COM LYCRA®;S.PINK  ;42289;0;2;20;789563028310
E-BA-13   ;S.PINK  ;M    ;.    ;.    ;2½ L ;17;SAPATILHA MEIA PONTA LONA COM LYCRA®;S.PINK  ;42291;0;17;23;789056720150
E-BA-13   ;S.PINK  ;M    ;.    ;.    ;3½ L ;58;SAPATILHA MEIA PONTA LONA COM LYCRA®;S.PINK  ;42293;0;58;25;789056719620
E-BA-13   ;S.PINK  ;M    ;.    ;.    ;4 L  ;33;SAPATILHA MEIA PONTA LONA COM LYCRA®;S.PINK  ;42294;0;33;27;789563028313
E-BA-13   ;S.PINK  ;M    ;.    ;.    ;5 L  ;117;SAPATILHA MEIA PONTA LONA COM LYCRA®;S.PINK  ;42296;0;117;29;789563028302
E-BA-13   ;S.PINK  ;M    ;.    ;.    ;5½ L ;40;SAPATILHA MEIA PONTA LONA COM LYCRA®;S.PINK  ;42297;0;40;31;789563028303
E-BA-13   ;S.PINK  ;M    ;.    ;.    ;7½ L ;2;SAPATILHA MEIA PONTA LONA COM LYCRA®;S.PINK  ;42301;0;2;35;789563028307
E-BA-13   ;S.PINK  ;M    ;.    ;.    ;8 L  ;17;SAPATILHA MEIA PONTA LONA COM LYCRA®;S.PINK  ;42302;0;17;36;789563028308
E-BA-13   ;S.PINK  ;M    ;.    ;.    ;9 L  ;6;SAPATILHA MEIA PONTA LONA COM LYCRA®;S.PINK  ;42306;0;6;38;789056705615
E-BA-13   ;S.PINK  ;M    ;.    ;.    ;9½ L ;4;SAPATILHA MEIA PONTA LONA COM LYCRA®;S.PINK  ;42308;0;4;39;789056705616
E-BA-13   ;S.PINK  ;M    ;.    ;.    ;10 L ;5;SAPATILHA MEIA PONTA LONA COM LYCRA®;S.PINK  ;42276;0;5;40;789056705617
E-BA-13   ;S.PINK  ;M    ;.    ;.    ;10½L ;1;SAPATILHA MEIA PONTA LONA COM LYCRA®;S.PINK  ;42278;0;1;41;789056746240
E-BA-13   ;S.PINK  ;M    ;.    ;.    ;11 L ;2;SAPATILHA MEIA PONTA LONA COM LYCRA®;S.PINK  ;42280;0;2;42;789056746241
E-BA-13   ;S.PINK  ;M    ;.    ;.    ;11½L ;1;SAPATILHA MEIA PONTA LONA COM LYCRA®;S.PINK  ;42282;0;1;43;789056746242
E-BA-14   ;B.PINK  ;M    ;.    ;.    ;6 S  ;8;SAPATILHA MEIA PONTA SOLA INTEIRA;B.PINK  ;42377;0;8;2;789563037009
E-BA-14   ;B.PINK  ;M    ;.    ;.    ;6½ S ;1;SAPATILHA MEIA PONTA SOLA INTEIRA;B.PINK  ;42379;0;1;3;789563001085
E-BA-14   ;B.PINK  ;M    ;.    ;.    ;7 S  ;2;SAPATILHA MEIA PONTA SOLA INTEIRA;B.PINK  ;42381;0;2;4;789563001086
E-BA-14   ;B.PINK  ;M    ;.    ;.    ;7½ S ;3;SAPATILHA MEIA PONTA SOLA INTEIRA;B.PINK  ;42383;0;3;5;789563001087
E-BA-14   ;B.PINK  ;M    ;.    ;.    ;8 S  ;17;SAPATILHA MEIA PONTA SOLA INTEIRA;B.PINK  ;42385;0;17;6;789563001088
E-BA-14   ;B.PINK  ;M    ;.    ;.    ;8½ S ;29;SAPATILHA MEIA PONTA SOLA INTEIRA;B.PINK  ;42387;0;29;7;789563001069
E-BA-14   ;B.PINK  ;M    ;.    ;.    ;9 S  ;21;SAPATILHA MEIA PONTA SOLA INTEIRA;B.PINK  ;42389;0;21;8;789563001070
E-BA-14   ;B.PINK  ;M    ;.    ;.    ;9½ S ;9;SAPATILHA MEIA PONTA SOLA INTEIRA;B.PINK  ;42391;0;9;9;789563001071
E-BA-14   ;B.PINK  ;M    ;.    ;.    ;10 S ;7;SAPATILHA MEIA PONTA SOLA INTEIRA;B.PINK  ;42357;0;7;10;789563001072
E-BA-14   ;B.PINK  ;M    ;.    ;.    ;10½S ;4;SAPATILHA MEIA PONTA SOLA INTEIRA;B.PINK  ;42359;0;4;11;789563001073
E-BA-14   ;B.PINK  ;M    ;.    ;.    ;11 S ;1;SAPATILHA MEIA PONTA SOLA INTEIRA;B.PINK  ;42361;0;1;12;789563001074
E-BA-14   ;B.PINK  ;M    ;.    ;.    ;11½S ;12;SAPATILHA MEIA PONTA SOLA INTEIRA;B.PINK  ;42362;0;12;13;789563001075
E-BA-14   ;B.PINK  ;M    ;.    ;.    ;12 S ;47;SAPATILHA MEIA PONTA SOLA INTEIRA;B.PINK  ;42363;0;47;14;789563001076
E-BA-14   ;B.PINK  ;M    ;.    ;.    ;12½S ;26;SAPATILHA MEIA PONTA SOLA INTEIRA;B.PINK  ;42364;0;26;15;789563001077
E-BA-14   ;B.PINK  ;M    ;.    ;.    ;13½S ;22;SAPATILHA MEIA PONTA SOLA INTEIRA;B.PINK  ;42366;0;22;18;789563001079
E-BA-14   ;B.PINK  ;M    ;.    ;.    ;1 L  ;18;SAPATILHA MEIA PONTA SOLA INTEIRA;B.PINK  ;42355;0;18;19;789563001080
E-BA-14   ;B.PINK  ;M    ;.    ;.    ;1½ L ;29;SAPATILHA MEIA PONTA SOLA INTEIRA;B.PINK  ;42367;0;29;20;789563001081
E-BA-14   ;B.PINK  ;M    ;.    ;.    ;2 L  ;38;SAPATILHA MEIA PONTA SOLA INTEIRA;B.PINK  ;42368;0;38;21;789563001082
E-BA-14   ;B.PINK  ;M    ;.    ;.    ;2½ L ;33;SAPATILHA MEIA PONTA SOLA INTEIRA;B.PINK  ;42369;0;33;23;789563001083
E-BA-14   ;B.PINK  ;M    ;.    ;.    ;3 L  ;34;SAPATILHA MEIA PONTA SOLA INTEIRA;B.PINK  ;42370;0;34;24;789563001084
E-BA-14   ;B.PINK  ;M    ;.    ;.    ;3½ L ;32;SAPATILHA MEIA PONTA SOLA INTEIRA;B.PINK  ;42371;0;32;25;789563001100
E-BA-14   ;B.PINK  ;M    ;.    ;.    ;4 L  ;36;SAPATILHA MEIA PONTA SOLA INTEIRA;B.PINK  ;42372;0;36;27;789563001099
E-BA-14   ;B.PINK  ;M    ;.    ;.    ;4½ L ;20;SAPATILHA MEIA PONTA SOLA INTEIRA;B.PINK  ;42373;0;20;28;789563001098
E-BA-14   ;B.PINK  ;M    ;.    ;.    ;5 L  ;12;SAPATILHA MEIA PONTA SOLA INTEIRA;B.PINK  ;42374;0;12;29;789563001096
E-BA-14   ;B.PINK  ;M    ;.    ;.    ;5½ L ;19;SAPATILHA MEIA PONTA SOLA INTEIRA;B.PINK  ;42375;0;19;31;789563001097
E-BA-14   ;B.PINK  ;M    ;.    ;.    ;6 L  ;10;SAPATILHA MEIA PONTA SOLA INTEIRA;B.PINK  ;42376;0;10;32;789563001094
E-BA-14   ;B.PINK  ;M    ;.    ;.    ;6½ L ;18;SAPATILHA MEIA PONTA SOLA INTEIRA;B.PINK  ;42378;0;18;33;789563001095
E-BA-14   ;B.PINK  ;M    ;.    ;.    ;7 L  ;19;SAPATILHA MEIA PONTA SOLA INTEIRA;B.PINK  ;42380;0;19;34;789563001092
E-BA-14   ;B.PINK  ;M    ;.    ;.    ;7½ L ;20;SAPATILHA MEIA PONTA SOLA INTEIRA;B.PINK  ;42382;0;20;35;789563001093
E-BA-14   ;B.PINK  ;M    ;.    ;.    ;8 L  ;7;SAPATILHA MEIA PONTA SOLA INTEIRA;B.PINK  ;42384;0;7;36;789563001090
E-BA-14   ;B.PINK  ;M    ;.    ;.    ;8½ L ;17;SAPATILHA MEIA PONTA SOLA INTEIRA;B.PINK  ;42386;0;17;37;789563001091
E-BA-14   ;B.PINK  ;M    ;.    ;.    ;9½ L ;2;SAPATILHA MEIA PONTA SOLA INTEIRA;B.PINK  ;42390;0;2;39;789563002364
E-BA-14   ;B.PINK  ;M    ;.    ;.    ;10 L ;3;SAPATILHA MEIA PONTA SOLA INTEIRA;B.PINK  ;42356;0;3;40;789563002365
E-BA-14   ;B.PINK  ;N    ;.    ;.    ;13 S ;4;SAPATILHA MEIA PONTA SOLA INTEIRA;B.PINK  ;42402;0;4;17;789563001110
E-BA-14   ;B.PINK  ;W    ;.    ;.    ;6½ S ;1;SAPATILHA MEIA PONTA SOLA INTEIRA;B.PINK  ;42453;0;1;3;789563001911
E-BA-14   ;B.PINK  ;W    ;.    ;.    ;7½ S ;3;SAPATILHA MEIA PONTA SOLA INTEIRA;B.PINK  ;42457;0;3;5;789563001147
E-BA-14   ;B.PINK  ;W    ;.    ;.    ;8½ S ;3;SAPATILHA MEIA PONTA SOLA INTEIRA;B.PINK  ;42461;0;3;7;789563001130
E-BA-14   ;B.PINK  ;W    ;.    ;.    ;9 S  ;4;SAPATILHA MEIA PONTA SOLA INTEIRA;B.PINK  ;42463;0;4;8;789563001131
E-BA-14   ;B.PINK  ;W    ;.    ;.    ;9½ S ;5;SAPATILHA MEIA PONTA SOLA INTEIRA;B.PINK  ;42465;0;5;9;789563001132
E-BA-14   ;B.PINK  ;W    ;.    ;.    ;10 S ;1;SAPATILHA MEIA PONTA SOLA INTEIRA;B.PINK  ;42431;0;1;10;789563001133
E-BA-14   ;B.PINK  ;W    ;.    ;.    ;10½S ;2;SAPATILHA MEIA PONTA SOLA INTEIRA;B.PINK  ;42433;0;2;11;789563001134
E-BA-14   ;B.PINK  ;W    ;.    ;.    ;11½S ;3;SAPATILHA MEIA PONTA SOLA INTEIRA;B.PINK  ;42436;0;3;13;789563001136
E-BA-14   ;B.PINK  ;W    ;.    ;.    ;12½S ;7;SAPATILHA MEIA PONTA SOLA INTEIRA;B.PINK  ;42438;0;7;15;789563001138
E-BA-14   ;B.PINK  ;W    ;.    ;.    ;13 S ;6;SAPATILHA MEIA PONTA SOLA INTEIRA;B.PINK  ;42439;0;6;17;789563001139
E-BA-14   ;B.PINK  ;W    ;.    ;.    ;13½S ;3;SAPATILHA MEIA PONTA SOLA INTEIRA;B.PINK  ;42440;0;3;18;789563001140
E-BA-14   ;B.PINK  ;W    ;.    ;.    ;2½ L ;9;SAPATILHA MEIA PONTA SOLA INTEIRA;B.PINK  ;42443;0;9;23;789563001144
E-BA-14   ;B.PINK  ;W    ;.    ;.    ;3 L  ;2;SAPATILHA MEIA PONTA SOLA INTEIRA;B.PINK  ;42444;0;2;24;789563001145
E-BA-14   ;B.PINK  ;W    ;.    ;.    ;3½ L ;3;SAPATILHA MEIA PONTA SOLA INTEIRA;B.PINK  ;42445;0;3;25;789563001160
E-BA-14   ;B.PINK  ;W    ;.    ;.    ;4 L  ;1;SAPATILHA MEIA PONTA SOLA INTEIRA;B.PINK  ;42446;0;1;27;789563001154
E-BA-14   ;B.PINK  ;W    ;.    ;.    ;4½ L ;4;SAPATILHA MEIA PONTA SOLA INTEIRA;B.PINK  ;42447;0;4;28;789563001155
E-BA-14   ;B.PINK  ;W    ;.    ;.    ;5 L  ;4;SAPATILHA MEIA PONTA SOLA INTEIRA;B.PINK  ;42448;0;4;29;789563001156
E-BA-14   ;B.PINK  ;W    ;.    ;.    ;5½ L ;4;SAPATILHA MEIA PONTA SOLA INTEIRA;B.PINK  ;42449;0;4;31;789563001157
E-BA-14   ;B.PINK  ;W    ;.    ;.    ;6 L  ;6;SAPATILHA MEIA PONTA SOLA INTEIRA;B.PINK  ;42450;0;6;32;789563001158
E-BA-14   ;B.PINK  ;W    ;.    ;.    ;6½ L ;2;SAPATILHA MEIA PONTA SOLA INTEIRA;B.PINK  ;42452;0;2;33;789563001159
E-BA-14   ;B.PINK  ;W    ;.    ;.    ;7 L  ;2;SAPATILHA MEIA PONTA SOLA INTEIRA;B.PINK  ;42454;0;2;34;789563001149
E-BA-14   ;B.PINK  ;W    ;.    ;.    ;7½ L ;4;SAPATILHA MEIA PONTA SOLA INTEIRA;B.PINK  ;42456;0;4;35;789563001150
E-BA-14   ;B.PINK  ;W    ;.    ;.    ;8 L  ;6;SAPATILHA MEIA PONTA SOLA INTEIRA;B.PINK  ;42458;0;6;36;789563001151
E-BA-14   ;B.PINK  ;W    ;.    ;.    ;8½ L ;4;SAPATILHA MEIA PONTA SOLA INTEIRA;B.PINK  ;42460;0;4;37;789563001152
E-BA-14   ;B.PINK  ;W    ;.    ;.    ;9 L  ;3;SAPATILHA MEIA PONTA SOLA INTEIRA;B.PINK  ;42462;0;3;38;789563001153
E-BA-14   ;B.PINK  ;W    ;.    ;.    ;9½ L ;4;SAPATILHA MEIA PONTA SOLA INTEIRA;B.PINK  ;42464;0;4;39;789563002368
E-BA-14   ;B.PINK  ;W    ;.    ;.    ;10 L ;5;SAPATILHA MEIA PONTA SOLA INTEIRA;B.PINK  ;42430;0;5;40;789563002369
E-BA-14   ;BRANCO  ;M    ;.    ;.    ;7½ S ;3;SAPATILHA MEIA PONTA SOLA INTEIRA;BRANCO  ;42494;0;3;5;789563001163
E-BA-14   ;BRANCO  ;M    ;.    ;.    ;11 S ;2;SAPATILHA MEIA PONTA SOLA INTEIRA;BRANCO  ;42472;0;2;12;789563001173
E-BA-14   ;BRANCO  ;M    ;.    ;.    ;12½S ;2;SAPATILHA MEIA PONTA SOLA INTEIRA;BRANCO  ;42475;0;2;15;789563001181
E-BA-14   ;PRETO   ;M    ;.    ;.    ;6 S  ;4;SAPATILHA MEIA PONTA SOLA INTEIRA;PRETO   ;42693;0;4;2;789056728360
E-BA-14   ;PRETO   ;M    ;.    ;.    ;6½ S ;5;SAPATILHA MEIA PONTA SOLA INTEIRA;PRETO   ;42695;0;5;3;789563001195
E-BA-14   ;PRETO   ;M    ;.    ;.    ;7 S  ;5;SAPATILHA MEIA PONTA SOLA INTEIRA;PRETO   ;42697;0;5;4;789563001196
E-BA-14   ;PRETO   ;M    ;.    ;.    ;7½ S ;2;SAPATILHA MEIA PONTA SOLA INTEIRA;PRETO   ;42699;0;2;5;789563001197
E-BA-14   ;PRETO   ;M    ;.    ;.    ;8 S  ;7;SAPATILHA MEIA PONTA SOLA INTEIRA;PRETO   ;42701;0;7;6;789563001198
E-BA-14   ;PRETO   ;M    ;.    ;.    ;8½ S ;9;SAPATILHA MEIA PONTA SOLA INTEIRA;PRETO   ;42703;0;9;7;789563001199
E-BA-14   ;PRETO   ;M    ;.    ;.    ;9 S  ;16;SAPATILHA MEIA PONTA SOLA INTEIRA;PRETO   ;42705;0;16;8;789563001200
E-BA-14   ;PRETO   ;M    ;.    ;.    ;9½ S ;13;SAPATILHA MEIA PONTA SOLA INTEIRA;PRETO   ;42707;0;13;9;789563001201
E-BA-14   ;PRETO   ;M    ;.    ;.    ;10 S ;19;SAPATILHA MEIA PONTA SOLA INTEIRA;PRETO   ;42673;0;19;10;789563001202
E-BA-14   ;PRETO   ;M    ;.    ;.    ;10½S ;9;SAPATILHA MEIA PONTA SOLA INTEIRA;PRETO   ;42675;0;9;11;789563001203
E-BA-14   ;PRETO   ;M    ;.    ;.    ;11 S ;3;SAPATILHA MEIA PONTA SOLA INTEIRA;PRETO   ;42677;0;3;12;789563001204
E-BA-14   ;PRETO   ;M    ;.    ;.    ;11½S ;9;SAPATILHA MEIA PONTA SOLA INTEIRA;PRETO   ;42678;0;9;13;789563001205
E-BA-14   ;PRETO   ;M    ;.    ;.    ;12 S ;1;SAPATILHA MEIA PONTA SOLA INTEIRA;PRETO   ;42679;0;1;14;789563001206
E-BA-14   ;PRETO   ;M    ;.    ;.    ;12½S ;7;SAPATILHA MEIA PONTA SOLA INTEIRA;PRETO   ;42680;0;7;15;789563001207
E-BA-14   ;PRETO   ;M    ;.    ;.    ;13 S ;4;SAPATILHA MEIA PONTA SOLA INTEIRA;PRETO   ;42681;0;4;17;789563001217
E-BA-14   ;PRETO   ;M    ;.    ;.    ;13½S ;4;SAPATILHA MEIA PONTA SOLA INTEIRA;PRETO   ;42682;0;4;18;789563001218
E-BA-14   ;PRETO   ;M    ;.    ;.    ;1 L  ;4;SAPATILHA MEIA PONTA SOLA INTEIRA;PRETO   ;42671;0;4;19;789563001219
E-BA-14   ;PRETO   ;M    ;.    ;.    ;1½ L ;6;SAPATILHA MEIA PONTA SOLA INTEIRA;PRETO   ;42683;0;6;20;789563001220
E-BA-14   ;PRETO   ;M    ;.    ;.    ;2 L  ;3;SAPATILHA MEIA PONTA SOLA INTEIRA;PRETO   ;42684;0;3;21;789563001221
E-BA-14   ;PRETO   ;M    ;.    ;.    ;2½ L ;15;SAPATILHA MEIA PONTA SOLA INTEIRA;PRETO   ;42685;0;15;23;789563001222
E-BA-14   ;PRETO   ;M    ;.    ;.    ;3½ L ;17;SAPATILHA MEIA PONTA SOLA INTEIRA;PRETO   ;42687;0;17;25;789563001224
E-BA-14   ;PRETO   ;M    ;.    ;.    ;4 L  ;19;SAPATILHA MEIA PONTA SOLA INTEIRA;PRETO   ;42688;0;19;27;789563001225
E-BA-14   ;PRETO   ;M    ;.    ;.    ;4½ L ;15;SAPATILHA MEIA PONTA SOLA INTEIRA;PRETO   ;42689;0;15;28;789563001226
E-BA-14   ;PRETO   ;M    ;.    ;.    ;5 L  ;3;SAPATILHA MEIA PONTA SOLA INTEIRA;PRETO   ;42690;0;3;29;789563001227
E-BA-14   ;PRETO   ;M    ;.    ;.    ;5½ L ;18;SAPATILHA MEIA PONTA SOLA INTEIRA;PRETO   ;42691;0;18;31;789563001228
E-BA-14   ;PRETO   ;M    ;.    ;.    ;6½ L ;5;SAPATILHA MEIA PONTA SOLA INTEIRA;PRETO   ;42694;0;5;33;789563001209
E-BA-14   ;PRETO   ;M    ;.    ;.    ;7 L  ;3;SAPATILHA MEIA PONTA SOLA INTEIRA;PRETO   ;42696;0;3;34;789563001210
E-BA-14   ;PRETO   ;M    ;.    ;.    ;7½ L ;15;SAPATILHA MEIA PONTA SOLA INTEIRA;PRETO   ;42698;0;15;35;789563001211
E-BA-14   ;PRETO   ;M    ;.    ;.    ;8 L  ;8;SAPATILHA MEIA PONTA SOLA INTEIRA;PRETO   ;42700;0;8;36;789563001212
E-BA-14   ;PRETO   ;M    ;.    ;.    ;8½ L ;8;SAPATILHA MEIA PONTA SOLA INTEIRA;PRETO   ;42702;0;8;37;789563001213
E-BA-14   ;PRETO   ;M    ;.    ;.    ;9 L  ;2;SAPATILHA MEIA PONTA SOLA INTEIRA;PRETO   ;42704;0;2;38;789563001214
E-BA-14   ;PRETO   ;M    ;.    ;.    ;9½ L ;1;SAPATILHA MEIA PONTA SOLA INTEIRA;PRETO   ;42706;0;1;39;789563001215
E-BA-14   ;PRETO   ;M    ;.    ;.    ;10½L ;5;SAPATILHA MEIA PONTA SOLA INTEIRA;PRETO   ;42674;0;5;41;789056703761
E-BA-14   ;PRETO   ;M    ;.    ;.    ;11 L ;7;SAPATILHA MEIA PONTA SOLA INTEIRA;PRETO   ;42676;0;7;42;789056746986
E-BA-14   ;PRETO   ;N    ;.    ;.    ;6 S  ;3;SAPATILHA MEIA PONTA SOLA INTEIRA;PRETO   ;42730;0;3;2;789056767281
E-BA-14   ;PRETO   ;N    ;.    ;.    ;6½ S ;3;SAPATILHA MEIA PONTA SOLA INTEIRA;PRETO   ;42732;0;3;3;789563007109
E-BA-14   ;PRETO   ;N    ;.    ;.    ;7 S  ;2;SAPATILHA MEIA PONTA SOLA INTEIRA;PRETO   ;42734;0;2;4;789563007110
E-BA-14   ;PRETO   ;N    ;.    ;.    ;10½S ;1;SAPATILHA MEIA PONTA SOLA INTEIRA;PRETO   ;42712;0;1;11;789563002989
E-BA-14   ;PRETO   ;N    ;.    ;.    ;11 S ;1;SAPATILHA MEIA PONTA SOLA INTEIRA;PRETO   ;42714;0;1;12;789563002990
E-BA-14   ;PRETO   ;N    ;.    ;.    ;11½S ;4;SAPATILHA MEIA PONTA SOLA INTEIRA;PRETO   ;42715;0;4;13;789563002991
E-BA-14   ;PRETO   ;N    ;.    ;.    ;12 S ;1;SAPATILHA MEIA PONTA SOLA INTEIRA;PRETO   ;42716;0;1;14;789563002992
E-BA-14   ;PRETO   ;N    ;.    ;.    ;12½S ;4;SAPATILHA MEIA PONTA SOLA INTEIRA;PRETO   ;42717;0;4;15;789563002993
E-BA-14   ;PRETO   ;N    ;.    ;.    ;1½ L ;1;SAPATILHA MEIA PONTA SOLA INTEIRA;PRETO   ;42720;0;1;20;789563003005
E-BA-14   ;PRETO   ;N    ;.    ;.    ;4 L  ;4;SAPATILHA MEIA PONTA SOLA INTEIRA;PRETO   ;42725;0;4;27;789563003009
E-BA-14   ;PRETO   ;N    ;.    ;.    ;8½ L ;4;SAPATILHA MEIA PONTA SOLA INTEIRA;PRETO   ;42739;0;4;37;789563003001
E-BA-14   ;PRETO   ;N    ;.    ;.    ;9 L  ;4;SAPATILHA MEIA PONTA SOLA INTEIRA;PRETO   ;42741;0;4;38;789563003002
E-BA-14   ;PRETO   ;N    ;.    ;.    ;9½ L ;2;SAPATILHA MEIA PONTA SOLA INTEIRA;PRETO   ;42743;0;2;39;789563003003
E-BA-14   ;PRETO   ;N    ;.    ;.    ;10 L ;3;SAPATILHA MEIA PONTA SOLA INTEIRA;PRETO   ;42709;0;3;40;789563003004
E-BA-14   ;PRETO   ;N    ;.    ;.    ;10½L ;1;SAPATILHA MEIA PONTA SOLA INTEIRA;PRETO   ;42711;0;1;41;789056728361
E-BA-14   ;PRETO   ;W    ;.    ;.    ;6 S  ;9;SAPATILHA MEIA PONTA SOLA INTEIRA;PRETO   ;42767;0;9;2;789563028915
E-BA-14   ;PRETO   ;W    ;.    ;.    ;6½ S ;6;SAPATILHA MEIA PONTA SOLA INTEIRA;PRETO   ;42769;0;6;3;789563003358
E-BA-14   ;PRETO   ;W    ;.    ;.    ;7 S  ;5;SAPATILHA MEIA PONTA SOLA INTEIRA;PRETO   ;42771;0;5;4;789563003011
E-BA-14   ;PRETO   ;W    ;.    ;.    ;7½ S ;8;SAPATILHA MEIA PONTA SOLA INTEIRA;PRETO   ;42773;0;8;5;789563003012
E-BA-14   ;PRETO   ;W    ;.    ;.    ;8 S  ;2;SAPATILHA MEIA PONTA SOLA INTEIRA;PRETO   ;42775;0;2;6;789563003013
E-BA-14   ;PRETO   ;W    ;.    ;.    ;8½ S ;7;SAPATILHA MEIA PONTA SOLA INTEIRA;PRETO   ;42777;0;7;7;789563003014
E-BA-14   ;PRETO   ;W    ;.    ;.    ;9 S  ;3;SAPATILHA MEIA PONTA SOLA INTEIRA;PRETO   ;42779;0;3;8;789563003015
E-BA-14   ;PRETO   ;W    ;.    ;.    ;9½ S ;6;SAPATILHA MEIA PONTA SOLA INTEIRA;PRETO   ;42781;0;6;9;789563003016
E-BA-14   ;PRETO   ;W    ;.    ;.    ;10½S ;6;SAPATILHA MEIA PONTA SOLA INTEIRA;PRETO   ;42749;0;6;11;789563003018
E-BA-14   ;PRETO   ;W    ;.    ;.    ;11 S ;4;SAPATILHA MEIA PONTA SOLA INTEIRA;PRETO   ;42751;0;4;12;789563003019
E-BA-14   ;PRETO   ;W    ;.    ;.    ;11½S ;4;SAPATILHA MEIA PONTA SOLA INTEIRA;PRETO   ;42752;0;4;13;789563002669
E-BA-14   ;PRETO   ;W    ;.    ;.    ;12 S ;3;SAPATILHA MEIA PONTA SOLA INTEIRA;PRETO   ;42753;0;3;14;789563003020
E-BA-14   ;PRETO   ;W    ;.    ;.    ;12½S ;4;SAPATILHA MEIA PONTA SOLA INTEIRA;PRETO   ;42754;0;4;15;789563003021
E-BA-14   ;PRETO   ;W    ;.    ;.    ;13 S ;7;SAPATILHA MEIA PONTA SOLA INTEIRA;PRETO   ;42755;0;7;17;789563003022
E-BA-14   ;PRETO   ;W    ;.    ;.    ;13½S ;7;SAPATILHA MEIA PONTA SOLA INTEIRA;PRETO   ;42756;0;7;18;789563003023
E-BA-14   ;PRETO   ;W    ;.    ;.    ;1 L  ;7;SAPATILHA MEIA PONTA SOLA INTEIRA;PRETO   ;42745;0;7;19;789563002670
E-BA-14   ;PRETO   ;W    ;.    ;.    ;1½ L ;2;SAPATILHA MEIA PONTA SOLA INTEIRA;PRETO   ;42757;0;2;20;789563001919
E-BA-14   ;PRETO   ;W    ;.    ;.    ;2 L  ;5;SAPATILHA MEIA PONTA SOLA INTEIRA;PRETO   ;42758;0;5;21;789563001920
E-BA-14   ;PRETO   ;W    ;.    ;.    ;2½ L ;4;SAPATILHA MEIA PONTA SOLA INTEIRA;PRETO   ;42759;0;4;23;789563001229
E-BA-14   ;PRETO   ;W    ;.    ;.    ;3 L  ;2;SAPATILHA MEIA PONTA SOLA INTEIRA;PRETO   ;42760;0;2;24;789563001230
E-BA-14   ;PRETO   ;W    ;.    ;.    ;3½ L ;5;SAPATILHA MEIA PONTA SOLA INTEIRA;PRETO   ;42761;0;5;25;789563001231
E-BA-14   ;PRETO   ;W    ;.    ;.    ;4 L  ;6;SAPATILHA MEIA PONTA SOLA INTEIRA;PRETO   ;42762;0;6;27;789563001232
E-BA-14   ;PRETO   ;W    ;.    ;.    ;4½ L ;2;SAPATILHA MEIA PONTA SOLA INTEIRA;PRETO   ;42763;0;2;28;789563001233
E-BA-14   ;PRETO   ;W    ;.    ;.    ;5 L  ;5;SAPATILHA MEIA PONTA SOLA INTEIRA;PRETO   ;42764;0;5;29;789563001234
E-BA-14   ;PRETO   ;W    ;.    ;.    ;5½ L ;5;SAPATILHA MEIA PONTA SOLA INTEIRA;PRETO   ;42765;0;5;31;789563001235
E-BA-14   ;PRETO   ;W    ;.    ;.    ;6 L  ;7;SAPATILHA MEIA PONTA SOLA INTEIRA;PRETO   ;42766;0;7;32;789563001236
E-BA-14   ;PRETO   ;W    ;.    ;.    ;6½ L ;3;SAPATILHA MEIA PONTA SOLA INTEIRA;PRETO   ;42768;0;3;33;789563001237
E-BA-14   ;PRETO   ;W    ;.    ;.    ;8½ L ;2;SAPATILHA MEIA PONTA SOLA INTEIRA;PRETO   ;42776;0;2;37;789563002030
E-BA-14   ;PRETO   ;W    ;.    ;.    ;9½ L ;4;SAPATILHA MEIA PONTA SOLA INTEIRA;PRETO   ;42780;0;4;39;789563003359
E-BA-14   ;PRETO   ;W    ;.    ;.    ;10 L ;2;SAPATILHA MEIA PONTA SOLA INTEIRA;PRETO   ;42746;0;2;40;789563002032
E-BA-14   ;PRETO   ;W    ;.    ;.    ;10½L ;3;SAPATILHA MEIA PONTA SOLA INTEIRA;PRETO   ;42748;0;3;41;789056733625
E-BA-14   ;PRETO   ;W    ;.    ;.    ;11 L ;2;SAPATILHA MEIA PONTA SOLA INTEIRA;PRETO   ;42750;0;2;42;789056743185
E-BA-17   ;B.PINK  ;M    ;.    ;.    ;8 S  ;7;SAPATILHA MEIA PONTA COURO TUBULAR;B.PINK  ;43059;0;7;6;789056720132
E-BA-17   ;B.PINK  ;M    ;.    ;.    ;8½ S ;8;SAPATILHA MEIA PONTA COURO TUBULAR;B.PINK  ;43061;0;8;7;789563076219
E-BA-17   ;B.PINK  ;M    ;.    ;.    ;9 S  ;1;SAPATILHA MEIA PONTA COURO TUBULAR;B.PINK  ;43063;0;1;8;789563023235
E-BA-17   ;B.PINK  ;M    ;.    ;.    ;9½ S ;9;SAPATILHA MEIA PONTA COURO TUBULAR;B.PINK  ;43065;0;9;9;789563020618
E-BA-17   ;B.PINK  ;M    ;.    ;.    ;10 S ;6;SAPATILHA MEIA PONTA COURO TUBULAR;B.PINK  ;43035;0;6;10;789563001921
E-BA-17   ;B.PINK  ;M    ;.    ;.    ;10½S ;3;SAPATILHA MEIA PONTA COURO TUBULAR;B.PINK  ;43037;0;3;11;789563001922
E-BA-17   ;B.PINK  ;M    ;.    ;.    ;11 S ;4;SAPATILHA MEIA PONTA COURO TUBULAR;B.PINK  ;43039;0;4;12;789563001923
E-BA-17   ;B.PINK  ;M    ;.    ;.    ;11½S ;4;SAPATILHA MEIA PONTA COURO TUBULAR;B.PINK  ;43040;0;4;13;789563001924
E-BA-17   ;B.PINK  ;M    ;.    ;.    ;12 S ;5;SAPATILHA MEIA PONTA COURO TUBULAR;B.PINK  ;43041;0;5;14;789563001925
E-BA-17   ;B.PINK  ;M    ;.    ;.    ;12½S ;1;SAPATILHA MEIA PONTA COURO TUBULAR;B.PINK  ;43042;0;1;15;789563001926
E-BA-17   ;B.PINK  ;M    ;.    ;.    ;13 S ;3;SAPATILHA MEIA PONTA COURO TUBULAR;B.PINK  ;43043;0;3;17;789563001251
E-BA-17   ;B.PINK  ;M    ;.    ;.    ;13½S ;2;SAPATILHA MEIA PONTA COURO TUBULAR;B.PINK  ;43044;0;2;18;789563001252
E-BA-17   ;B.PINK  ;M    ;.    ;.    ;1 L  ;2;SAPATILHA MEIA PONTA COURO TUBULAR;B.PINK  ;43033;0;2;19;789563001253
E-BA-17   ;B.PINK  ;M    ;.    ;.    ;1½ L ;8;SAPATILHA MEIA PONTA COURO TUBULAR;B.PINK  ;43045;0;8;20;789563001254
E-BA-17   ;B.PINK  ;M    ;.    ;.    ;2 L  ;6;SAPATILHA MEIA PONTA COURO TUBULAR;B.PINK  ;43046;0;6;21;789563001255
E-BA-17   ;B.PINK  ;M    ;.    ;.    ;3 L  ;14;SAPATILHA MEIA PONTA COURO TUBULAR;B.PINK  ;43048;0;14;24;789563001257
E-BA-17   ;B.PINK  ;M    ;.    ;.    ;3½ L ;10;SAPATILHA MEIA PONTA COURO TUBULAR;B.PINK  ;43049;0;10;25;789563001239
E-BA-17   ;B.PINK  ;M    ;.    ;.    ;4 L  ;3;SAPATILHA MEIA PONTA COURO TUBULAR;B.PINK  ;43050;0;3;27;789563001240
E-BA-17   ;B.PINK  ;M    ;.    ;.    ;9 L  ;3;SAPATILHA MEIA PONTA COURO TUBULAR;B.PINK  ;43062;0;3;38;789563001250
E-BA-17   ;B.PINK  ;M    ;.    ;.    ;9½ L ;1;SAPATILHA MEIA PONTA COURO TUBULAR;B.PINK  ;43064;0;1;39;789563003070
E-BA-17   ;B.PINK  ;M    ;.    ;.    ;10 L ;3;SAPATILHA MEIA PONTA COURO TUBULAR;B.PINK  ;43034;0;3;40;789563003071
E-BA-17   ;B.PINK  ;M    ;.    ;.    ;10½L ;7;SAPATILHA MEIA PONTA COURO TUBULAR;B.PINK  ;43036;0;7;41;789563037010
E-BA-17   ;B.PINK  ;M    ;.    ;.    ;11 L ;9;SAPATILHA MEIA PONTA COURO TUBULAR;B.PINK  ;43038;0;9;42;789056747072
E-BA-17   ;PINK RY ;M    ;.    ;.    ;9 S  ;2;SAPATILHA MEIA PONTA COURO TUBULAR;PINK RY ;214924;0;2;8;789776156534
E-BA-17   ;PINK RY ;M    ;.    ;.    ;9½ S ;2;SAPATILHA MEIA PONTA COURO TUBULAR;PINK RY ;214926;0;2;9;789776156536
E-BA-17   ;PINK RY ;M    ;.    ;.    ;10 S ;1;SAPATILHA MEIA PONTA COURO TUBULAR;PINK RY ;214912;0;1;10;789776156522
E-BA-17   ;PINK RY ;M    ;.    ;.    ;10½S ;3;SAPATILHA MEIA PONTA COURO TUBULAR;PINK RY ;214913;0;3;11;789776156523
E-BA-17   ;PINK RY ;M    ;.    ;.    ;11 S ;2;SAPATILHA MEIA PONTA COURO TUBULAR;PINK RY ;214914;0;2;12;789776156524
E-BA-17   ;PINK RY ;M    ;.    ;.    ;11½S ;2;SAPATILHA MEIA PONTA COURO TUBULAR;PINK RY ;214915;0;2;13;789776156525
E-BA-17   ;PINK RY ;M    ;.    ;.    ;12½S ;1;SAPATILHA MEIA PONTA COURO TUBULAR;PINK RY ;214917;0;1;15;789776156527
E-BA-17   ;PINK RY ;M    ;.    ;.    ;13½S ;1;SAPATILHA MEIA PONTA COURO TUBULAR;PINK RY ;206950;0;1;18;789769929576
E-BA-17   ;PINK RY ;M    ;.    ;.    ;3½ L ;3;SAPATILHA MEIA PONTA COURO TUBULAR;PINK RY ;206954;0;3;25;789769929580
E-BA-17   ;PINK RY ;M    ;.    ;.    ;4 L  ;1;SAPATILHA MEIA PONTA COURO TUBULAR;PINK RY ;206955;0;1;27;789769929581
E-BA-17   ;PINK RY ;M    ;.    ;.    ;4½ L ;2;SAPATILHA MEIA PONTA COURO TUBULAR;PINK RY ;206956;0;2;28;789769929582
E-BA-17   ;PINK RY ;M    ;.    ;.    ;5 L  ;21;SAPATILHA MEIA PONTA COURO TUBULAR;PINK RY ;206957;0;21;29;789769929583
E-BA-17   ;PINK RY ;M    ;.    ;.    ;5½ L ;11;SAPATILHA MEIA PONTA COURO TUBULAR;PINK RY ;206958;0;11;31;789769929584
E-BA-17   ;PINK RY ;M    ;.    ;.    ;6 L  ;10;SAPATILHA MEIA PONTA COURO TUBULAR;PINK RY ;206959;0;10;32;789769929585
E-BA-17   ;PINK RY ;M    ;.    ;.    ;6½ L ;14;SAPATILHA MEIA PONTA COURO TUBULAR;PINK RY ;206960;0;14;33;789769929586
E-BA-17   ;PINK RY ;M    ;.    ;.    ;7 L  ;11;SAPATILHA MEIA PONTA COURO TUBULAR;PINK RY ;206961;0;11;34;789769929587
E-BA-17   ;PINK RY ;M    ;.    ;.    ;7½ L ;2;SAPATILHA MEIA PONTA COURO TUBULAR;PINK RY ;214918;0;2;35;789776156528
E-BA-17   ;PINK RY ;M    ;.    ;.    ;10½L ;3;SAPATILHA MEIA PONTA COURO TUBULAR;PINK RY ;218919;0;3;41;789776159169
E-BA-17   ;PINK RY ;M    ;.    ;.    ;11 L ;2;SAPATILHA MEIA PONTA COURO TUBULAR;PINK RY ;218920;0;2;42;789776159170
E-BA-17   ;PRETO   ;M    ;.    ;.    ;8 S  ;1;SAPATILHA MEIA PONTA COURO TUBULAR;PRETO   ;43266;0;1;6;789056772053
E-BA-17   ;PRETO   ;M    ;.    ;.    ;8½ S ;1;SAPATILHA MEIA PONTA COURO TUBULAR;PRETO   ;43268;0;1;7;789056772054
E-BA-17   ;PRETO   ;M    ;.    ;.    ;9 S  ;4;SAPATILHA MEIA PONTA COURO TUBULAR;PRETO   ;43270;0;4;8;789056772055
E-BA-17   ;PRETO   ;M    ;.    ;.    ;9½ S ;1;SAPATILHA MEIA PONTA COURO TUBULAR;PRETO   ;43272;0;1;9;789056772056
E-BA-17   ;PRETO   ;M    ;.    ;.    ;11 S ;4;SAPATILHA MEIA PONTA COURO TUBULAR;PRETO   ;43246;0;4;12;789563092590
E-BA-17   ;PRETO   ;M    ;.    ;.    ;11½S ;2;SAPATILHA MEIA PONTA COURO TUBULAR;PRETO   ;43247;0;2;13;789563092591
E-BA-17   ;PRETO   ;M    ;.    ;.    ;12½S ;2;SAPATILHA MEIA PONTA COURO TUBULAR;PRETO   ;43249;0;2;15;789563023237
E-BA-17   ;PRETO   ;M    ;.    ;.    ;13 S ;3;SAPATILHA MEIA PONTA COURO TUBULAR;PRETO   ;43250;0;3;17;789563003093
E-BA-17   ;PRETO   ;M    ;.    ;.    ;13½S ;6;SAPATILHA MEIA PONTA COURO TUBULAR;PRETO   ;43251;0;6;18;789563003094
E-BA-17   ;PRETO   ;M    ;.    ;.    ;1 L  ;6;SAPATILHA MEIA PONTA COURO TUBULAR;PRETO   ;43240;0;6;19;789563001972
E-BA-17   ;PRETO   ;M    ;.    ;.    ;1½ L ;3;SAPATILHA MEIA PONTA COURO TUBULAR;PRETO   ;43252;0;3;20;789563001973
E-BA-17   ;PRETO   ;M    ;.    ;.    ;2 L  ;4;SAPATILHA MEIA PONTA COURO TUBULAR;PRETO   ;43253;0;4;21;789563001290
E-BA-17   ;PRETO   ;M    ;.    ;.    ;2½ L ;4;SAPATILHA MEIA PONTA COURO TUBULAR;PRETO   ;43254;0;4;23;789563001291
E-BA-17   ;PRETO   ;M    ;.    ;.    ;3 L  ;6;SAPATILHA MEIA PONTA COURO TUBULAR;PRETO   ;43255;0;6;24;789563001292
E-BA-17   ;PRETO   ;M    ;.    ;.    ;4 L  ;2;SAPATILHA MEIA PONTA COURO TUBULAR;PRETO   ;43257;0;2;27;789563001294
E-BA-17   ;PRETO   ;M    ;.    ;.    ;4½ L ;1;SAPATILHA MEIA PONTA COURO TUBULAR;PRETO   ;43258;0;1;28;789563001295
E-BA-17   ;PRETO   ;M    ;.    ;.    ;5 L  ;2;SAPATILHA MEIA PONTA COURO TUBULAR;PRETO   ;43259;0;2;29;789563001296
E-BA-17   ;PRETO   ;M    ;.    ;.    ;6 L  ;9;SAPATILHA MEIA PONTA COURO TUBULAR;PRETO   ;43261;0;9;32;789563001298
E-BA-17   ;PRETO   ;M    ;.    ;.    ;7 L  ;2;SAPATILHA MEIA PONTA COURO TUBULAR;PRETO   ;43263;0;2;34;789563001300
E-BA-17   ;PRETO   ;M    ;.    ;.    ;8 L  ;1;SAPATILHA MEIA PONTA COURO TUBULAR;PRETO   ;43265;0;1;36;789563001302
E-BA-17   ;PRETO   ;M    ;.    ;.    ;8½ L ;2;SAPATILHA MEIA PONTA COURO TUBULAR;PRETO   ;43267;0;2;37;789563001974
E-BA-17   ;PRETO   ;M    ;.    ;.    ;9 L  ;2;SAPATILHA MEIA PONTA COURO TUBULAR;PRETO   ;43269;0;2;38;789563001975
E-BA-17   ;PRETO   ;M    ;.    ;.    ;9½ L ;1;SAPATILHA MEIA PONTA COURO TUBULAR;PRETO   ;43271;0;1;39;789563003567
E-BA-17   ;PRETO   ;M    ;.    ;.    ;11 L ;4;SAPATILHA MEIA PONTA COURO TUBULAR;PRETO   ;43245;0;4;42;789056740170
E-BA-26   ;PRETO   ;M    ;.    ;.    ;5 L  ;8;SAPATILHA MEIA PONTA TUBULAR EM LONA;PRETO   ;148887;0;8;29;789563020841
E-BA-26   ;PRETO   ;M    ;.    ;.    ;5½ L ;6;SAPATILHA MEIA PONTA TUBULAR EM LONA;PRETO   ;43980;0;6;31;789563007167
E-BA-26   ;PRETO   ;M    ;.    ;.    ;6 L  ;5;SAPATILHA MEIA PONTA TUBULAR EM LONA;PRETO   ;43981;0;5;32;789563007168
E-BA-26   ;PRETO   ;M    ;.    ;.    ;6½ L ;5;SAPATILHA MEIA PONTA TUBULAR EM LONA;PRETO   ;43982;0;5;33;789563007169
E-BA-26   ;PRETO   ;M    ;.    ;.    ;7 L  ;19;SAPATILHA MEIA PONTA TUBULAR EM LONA;PRETO   ;43983;0;19;34;789563007170
E-BA-26   ;PRETO   ;M    ;.    ;.    ;8 L  ;35;SAPATILHA MEIA PONTA TUBULAR EM LONA;PRETO   ;43985;0;35;36;789563002717
E-BA-26   ;PRETO   ;M    ;.    ;.    ;8½ L ;27;SAPATILHA MEIA PONTA TUBULAR EM LONA;PRETO   ;43986;0;27;37;789563002718
E-BA-26   ;PRETO   ;M    ;.    ;.    ;9 L  ;24;SAPATILHA MEIA PONTA TUBULAR EM LONA;PRETO   ;43987;0;24;38;789563001985
E-BA-26   ;PRETO   ;M    ;.    ;.    ;9½ L ;22;SAPATILHA MEIA PONTA TUBULAR EM LONA;PRETO   ;43988;0;22;39;789563007172
E-BA-26   ;PRETO   ;M    ;.    ;.    ;10 L ;29;SAPATILHA MEIA PONTA TUBULAR EM LONA;PRETO   ;43974;0;29;40;789563007173
E-BA-26   ;PRETO   ;M    ;.    ;.    ;10½L ;11;SAPATILHA MEIA PONTA TUBULAR EM LONA;PRETO   ;43975;0;11;41;789563007174
E-BA-26   ;PRETO   ;M    ;.    ;.    ;11 L ;1;SAPATILHA MEIA PONTA TUBULAR EM LONA;PRETO   ;43976;0;1;42;789563007175
E-BA-26   ;PRETO   ;M    ;.    ;.    ;11½L ;4;SAPATILHA MEIA PONTA TUBULAR EM LONA;PRETO   ;43977;0;4;43;789563007176
E-BA-26   ;PRETO   ;M    ;.    ;.    ;12 L ;4;SAPATILHA MEIA PONTA TUBULAR EM LONA;PRETO   ;43978;0;4;44;789563007177
E-BA-26   ;PRETO   ;W    ;.    ;.    ;5 L  ;6;SAPATILHA MEIA PONTA TUBULAR EM LONA;PRETO   ;44000;0;6;29;789563050809
E-BA-26   ;PRETO   ;W    ;.    ;.    ;5½ L ;4;SAPATILHA MEIA PONTA TUBULAR EM LONA;PRETO   ;44001;0;4;31;789563050810
E-BA-26   ;PRETO   ;W    ;.    ;.    ;6 L  ;11;SAPATILHA MEIA PONTA TUBULAR EM LONA;PRETO   ;44002;0;11;32;789563023938
E-BA-26   ;PRETO   ;W    ;.    ;.    ;7 L  ;2;SAPATILHA MEIA PONTA TUBULAR EM LONA;PRETO   ;44004;0;2;34;789563003824
E-BA-26   ;PRETO   ;W    ;.    ;.    ;7½ L ;14;SAPATILHA MEIA PONTA TUBULAR EM LONA;PRETO   ;44005;0;14;35;789563003825
E-BA-26   ;PRETO   ;W    ;.    ;.    ;8 L  ;7;SAPATILHA MEIA PONTA TUBULAR EM LONA;PRETO   ;44006;0;7;36;789563002794
E-BA-26   ;PRETO   ;W    ;.    ;.    ;8½ L ;9;SAPATILHA MEIA PONTA TUBULAR EM LONA;PRETO   ;44007;0;9;37;789563004571
E-BA-26   ;PRETO   ;W    ;.    ;.    ;9½ L ;9;SAPATILHA MEIA PONTA TUBULAR EM LONA;PRETO   ;44009;0;9;39;789563004572
E-BA-26   ;PRETO   ;W    ;.    ;.    ;11 L ;2;SAPATILHA MEIA PONTA TUBULAR EM LONA;PRETO   ;43998;0;2;42;789563004573
E-BA-26   ;PRETO   ;W    ;.    ;.    ;11½L ;4;SAPATILHA MEIA PONTA TUBULAR EM LONA;PRETO   ;105025;0;4;43;789563050812
E-BA-26   ;PRETO   ;W    ;.    ;.    ;12 L ;4;SAPATILHA MEIA PONTA TUBULAR EM LONA;PRETO   ;43999;0;4;44;789563004574
E-BA-40   ;ROSA BB ;M    ;.    ;.    ;7 S  ;1;SAPATILHA P/ HIDROGINASTICA;ROSA BB ;44395;0;1;4;789056735406
E-BA-40   ;ROSA BB ;M    ;.    ;.    ;12 S ;1;SAPATILHA P/ HIDROGINASTICA;ROSA BB ;44386;0;1;14;789056735457
E-BA-40   ;ROSA BB ;M    ;.    ;.    ;13 S ;2;SAPATILHA P/ HIDROGINASTICA;ROSA BB ;44387;0;2;17;789056743309
E-BA-40A  ;PRETO   ;M    ;.    ;.    ;7 S  ;2;SAPATILLA EN HELANCA CON SUELA DE RASPA;PRETO   ;239504;0;2;4;789986274848
E-BA-40A  ;PRETO   ;M    ;.    ;.    ;13 S ;1;SAPATILLA EN HELANCA CON SUELA DE RASPA;PRETO   ;239496;0;1;17;789986274840
E-BA-40A  ;PRETO   ;M    ;.    ;.    ;9 L  ;4;SAPATILLA EN HELANCA CON SUELA DE RASPA;PRETO   ;239507;0;4;38;789986274851
E-BA-40A  ;PRETO   ;M    ;.    ;.    ;10 L ;1;SAPATILLA EN HELANCA CON SUELA DE RASPA;PRETO   ;239491;0;1;40;789986274835
E-BA-40A  ;PRETO   ;M    ;.    ;.    ;11 L ;7;SAPATILLA EN HELANCA CON SUELA DE RASPA;PRETO   ;239493;0;7;42;789986274837
E-BA-40A  ;ROSA BB ;M    ;.    ;.    ;6 S  ;4;SAPATILLA EN HELANCA CON SUELA DE RASPA;ROSA BB ;239521;0;4;2;789986274865
E-BA-40A  ;ROSA BB ;M    ;.    ;.    ;1 L  ;5;SAPATILLA EN HELANCA CON SUELA DE RASPA;ROSA BB ;239509;0;5;19;789986274853
E-BA-40A  ;ROSA BB ;M    ;.    ;.    ;2 L  ;1;SAPATILLA EN HELANCA CON SUELA DE RASPA;ROSA BB ;239516;0;1;21;789986274860
E-BA-40A  ;ROSA BB ;M    ;.    ;.    ;3 L  ;4;SAPATILLA EN HELANCA CON SUELA DE RASPA;ROSA BB ;239517;0;4;24;789986274861
E-BA-40A  ;ROSA BB ;M    ;.    ;.    ;5 L  ;2;SAPATILLA EN HELANCA CON SUELA DE RASPA;ROSA BB ;239519;0;2;29;789986274863
E-BA-40A  ;ROSA BB ;M    ;.    ;.    ;7 L  ;4;SAPATILLA EN HELANCA CON SUELA DE RASPA;ROSA BB ;239522;0;4;34;789986274866
E-BA-40A  ;ROSA BB ;M    ;.    ;.    ;8 L  ;3;SAPATILLA EN HELANCA CON SUELA DE RASPA;ROSA BB ;239524;0;3;36;789986274868
E-BA-40A  ;ROSA BB ;M    ;.    ;.    ;9 L  ;1;SAPATILLA EN HELANCA CON SUELA DE RASPA;ROSA BB ;239526;0;1;38;789986274870
E-BA-41   ;LT.PINK ;M    ;.    ;.    ;XS   ;9;MEDIA MEDIA PUNTA PARA DANZA MODERNA EN LONA;LT.PINK ;219266;0;9;0;789776159408
E-BA-41   ;LT.PINK ;M    ;.    ;.    ;S    ;77;MEDIA MEDIA PUNTA PARA DANZA MODERNA EN LONA;LT.PINK ;219259;0;77;45;789776159406
E-BA-41   ;LT.PINK ;M    ;.    ;.    ;M    ;41;MEDIA MEDIA PUNTA PARA DANZA MODERNA EN LONA;LT.PINK ;219258;0;41;50;789776159405
E-BA-41   ;LT.PINK ;M    ;.    ;.    ;L    ;40;MEDIA MEDIA PUNTA PARA DANZA MODERNA EN LONA;LT.PINK ;219257;0;40;55;789776159404
E-BA-41   ;LT.PINK ;M    ;.    ;.    ;XL   ;25;MEDIA MEDIA PUNTA PARA DANZA MODERNA EN LONA;LT.PINK ;219265;0;25;56;789776159407
E-BA-41   ;NUDE    ;M    ;.    ;.    ;XS   ;47;MEDIA MEDIA PUNTA PARA DANZA MODERNA EN LONA;NUDE    ;219270;0;47;0;789966900146
E-BA-41   ;NUDE    ;M    ;.    ;.    ;M    ;107;MEDIA MEDIA PUNTA PARA DANZA MODERNA EN LONA;NUDE    ;219256;0;107;50;789966900142
E-BA-41   ;NUDE    ;W    ;.    ;.    ;XS   ;3;MEDIA MEDIA PUNTA PARA DANZA MODERNA EN LONA;NUDE    ;241956;0;3;0;789986274537
E-BA-41   ;NUDE    ;W    ;.    ;.    ;S    ;10;MEDIA MEDIA PUNTA PARA DANZA MODERNA EN LONA;NUDE    ;241954;0;10;45;789986274535
E-BA-41   ;NUDE    ;W    ;.    ;.    ;M    ;11;MEDIA MEDIA PUNTA PARA DANZA MODERNA EN LONA;NUDE    ;241953;0;11;50;789986274534
E-BA-41   ;NUDE    ;W    ;.    ;.    ;L    ;43;MEDIA MEDIA PUNTA PARA DANZA MODERNA EN LONA;NUDE    ;241952;0;43;55;789986274533
E-BA-42   ;NUDE    ;M    ;.    ;.    ;XS   ;32;MEIA MEIA-PONTA EM COURO;NUDE    ;219275;0;32;0;789966901101
E-BA-42   ;NUDE    ;M    ;.    ;.    ;S    ;35;MEIA MEIA-PONTA EM COURO;NUDE    ;219273;0;35;45;789966901099
E-BA-42   ;NUDE    ;M    ;.    ;.    ;L    ;74;MEIA MEIA-PONTA EM COURO;NUDE    ;219271;0;74;55;789966901097
E-BA-42   ;NUDE    ;M    ;.    ;.    ;XL   ;30;MEIA MEIA-PONTA EM COURO;NUDE    ;219274;0;30;56;789966901100
E-BA-42   ;NUDE    ;W    ;.    ;.    ;XS   ;10;MEIA MEIA-PONTA EM COURO;NUDE    ;254916;0;10;0;789998855186
E-BA-42   ;NUDE    ;W    ;.    ;.    ;S    ;13;MEIA MEIA-PONTA EM COURO;NUDE    ;254914;0;13;45;789998855184
E-BA-42   ;NUDE    ;W    ;.    ;.    ;M    ;10;MEIA MEIA-PONTA EM COURO;NUDE    ;254913;0;10;50;789998855183
E-BA-42   ;NUDE    ;W    ;.    ;.    ;L    ;10;MEIA MEIA-PONTA EM COURO;NUDE    ;254912;0;10;55;789998855182
E-BA-42   ;NUDE    ;W    ;.    ;.    ;XL   ;15;MEIA MEIA-PONTA EM COURO;NUDE    ;254915;0;15;56;789998855185
E-BA-42   ;PINK RY ;M    ;.    ;.    ;XS   ;30;MEIA MEIA-PONTA EM COURO;PINK RY ;219282;0;30;0;789776159413
E-BA-42   ;PINK RY ;M    ;.    ;.    ;S    ;34;MEIA MEIA-PONTA EM COURO;PINK RY ;219280;0;34;45;789776159411
E-BA-42   ;PINK RY ;M    ;.    ;.    ;M    ;13;MEIA MEIA-PONTA EM COURO;PINK RY ;219279;0;13;50;789776159410
E-BA-42   ;PINK RY ;M    ;.    ;.    ;L    ;12;MEIA MEIA-PONTA EM COURO;PINK RY ;219278;0;12;55;789776159409
E-BA-42   ;PINK RY ;M    ;.    ;.    ;XL   ;3;MEIA MEIA-PONTA EM COURO;PINK RY ;219281;0;3;56;789776159412
