Referencia;CODCB;TECFORMA;SILKPAL;COSTURA;TAMANHO;FISICO;DESCRI;CORES;CODPRO;TRANSITO;SALDO;POSICAO;CODBARRA
11942     ;01      ;CT   ;.    ;.    ;MA   ;1;COLLANT LIBERTS = D-150/D-250;PR      ;220170;0;1;3;789966900505
B-454JS   ;20296   ;JS/RF;.    ;.    ;P    ;1;BLUSA MANGA 7/8 AD.;PR      /PR      ;213811;0;1;40;789776156893
B-454JS   ;20296   ;JS/RF;.    ;.    ;S    ;1;BLUSA MANGA 7/8 AD.;PR      /PR      ;213812;0;1;45;789776156675
D-151ME   ;01      ;ME   ;.    ;.    ;12-14;1;COLLANT REGATA - INF.;PR      ;192535;0;1;150;789563084750
D-151ME   ;07      ;ME   ;.    ;.    ;4-6  ;4;COLLANT REGATA - INF.;VO      ;192750;0;4;120;789769920021
D-151ME   ;07      ;ME   ;.    ;.    ;6X-7 ;1;COLLANT REGATA - INF.;VO      ;192751;0;1;130;789769920022
D-151ME   ;07      ;ME   ;.    ;.    ;Y-JR ;4;COLLANT REGATA - INF.;VO      ;192753;0;4;160;789769920024
D-152ME   ;08      ;ME   ;.    ;.    ;4-6  ;2;COLLANT COM ALCA DE VIES - INF.;VH      ;192773;0;2;120;789769920044
D-152ME   ;08      ;ME   ;.    ;.    ;12-14;2;COLLANT COM ALCA DE VIES - INF.;VH      ;192771;0;2;150;789769920042
D-154SU   ;01      ;SU   ;.    ;.    ;2-4  ;2;COLLANT COM DUAS ALCAS DE VIES - INF.;PR      ;192691;0;2;110;789563084930
D-154SU   ;01      ;SU   ;.    ;.    ;4-6  ;4;COLLANT COM DUAS ALCAS DE VIES - INF.;PR      ;192692;0;4;120;789563084931
D-154SU   ;01      ;SU   ;.    ;.    ;6X-7 ;6;COLLANT COM DUAS ALCAS DE VIES - INF.;PR      ;192548;0;6;130;789563084768
D-154SU   ;08      ;SU   ;.    ;.    ;4-6  ;3;COLLANT COM DUAS ALCAS DE VIES - INF.;VH      ;192807;0;3;120;789769920078
D-154SU   ;08      ;SU   ;.    ;.    ;6X-7 ;2;COLLANT COM DUAS ALCAS DE VIES - INF.;VH      ;192808;0;2;130;789769920079
D-154SU   ;08      ;SU   ;.    ;.    ;Y-JR ;3;COLLANT COM DUAS ALCAS DE VIES - INF.;VH      ;192810;0;3;160;789769920081
D-154SU   ;84      ;SU   ;.    ;.    ;4-6  ;4;COLLANT COM DUAS ALCAS DE VIES - INF.;BE      ;192813;0;4;120;789769920084
D-156ME   ;01      ;ME   ;.    ;.    ;4-6  ;4;COLLANT MANGA CURTA INF.;PR      ;193900;0;4;120;789769921148
D-156ME   ;01      ;ME   ;.    ;.    ;6X-7 ;9;COLLANT MANGA CURTA INF.;PR      ;193901;0;9;130;789769921149
D-156ME   ;01      ;ME   ;.    ;.    ;8-10 ;11;COLLANT MANGA CURTA INF.;PR      ;193902;0;11;140;789769921150
D-156ME   ;01      ;ME   ;.    ;.    ;12-14;10;COLLANT MANGA CURTA INF.;PR      ;193903;0;10;150;789769921151
D-156ME   ;01      ;ME   ;.    ;.    ;Y-JR ;8;COLLANT MANGA CURTA INF.;PR      ;193904;0;8;160;789769921152
D-156ME   ;03      ;ME   ;.    ;.    ;2-4  ;4;COLLANT MANGA CURTA INF.;RSC     ;193905;0;4;110;789769921153
D-156ME   ;03      ;ME   ;.    ;.    ;4-6  ;4;COLLANT MANGA CURTA INF.;RSC     ;193906;0;4;120;789769921154
D-156ME   ;03      ;ME   ;.    ;.    ;6X-7 ;2;COLLANT MANGA CURTA INF.;RSC     ;193907;0;2;130;789769921155
D-156ME   ;03      ;ME   ;.    ;.    ;8-10 ;4;COLLANT MANGA CURTA INF.;RSC     ;193908;0;4;140;789769921156
D-156ME   ;03      ;ME   ;.    ;.    ;12-14;2;COLLANT MANGA CURTA INF.;RSC     ;193909;0;2;150;789769921157
D-156ME   ;03      ;ME   ;.    ;.    ;Y-JR ;2;COLLANT MANGA CURTA INF.;RSC     ;193910;0;2;160;789769921158
D-156ME   ;08      ;ME   ;.    ;.    ;6X-7 ;2;COLLANT MANGA CURTA INF.;VH      ;193913;0;2;130;789769921161
D-156ME   ;08      ;ME   ;.    ;.    ;12-14;1;COLLANT MANGA CURTA INF.;VH      ;193915;0;1;150;789769921163
D-156ME   ;11      ;ME   ;.    ;.    ;2-4  ;2;COLLANT MANGA CURTA INF.;AZBB    ;196890;0;2;110;789769924116
D-156ME   ;11      ;ME   ;.    ;.    ;4-6  ;4;COLLANT MANGA CURTA INF.;AZBB    ;196891;0;4;120;789769924117
D-156ME   ;11      ;ME   ;.    ;.    ;6X-7 ;4;COLLANT MANGA CURTA INF.;AZBB    ;196892;0;4;130;789769924118
D-156ME   ;11      ;ME   ;.    ;.    ;8-10 ;5;COLLANT MANGA CURTA INF.;AZBB    ;196893;0;5;140;789769924119
D-156ME   ;11      ;ME   ;.    ;.    ;12-14;4;COLLANT MANGA CURTA INF.;AZBB    ;196894;0;4;150;789769924120
D-156ME   ;11      ;ME   ;.    ;.    ;Y-JR ;2;COLLANT MANGA CURTA INF.;AZBB    ;196895;0;2;160;789769924121
D-157ME   ;01      ;ME   ;.    ;.    ;12-14;1;SHORTS INF.;PR      ;193926;0;1;150;789769921174
D-157ME   ;01      ;ME   ;.    ;.    ;Y-JR ;3;SHORTS INF.;PR      ;193927;0;3;160;789769921175
D-157ME   ;03      ;ME   ;.    ;.    ;4-6  ;9;SHORTS INF.;RSC     ;193928;0;9;120;789769921176
D-157ME   ;03      ;ME   ;.    ;.    ;6X-7 ;9;SHORTS INF.;RSC     ;193929;0;9;130;789769921177
D-157ME   ;03      ;ME   ;.    ;.    ;8-10 ;8;SHORTS INF.;RSC     ;193930;0;8;140;789769921178
D-157ME   ;03      ;ME   ;.    ;.    ;12-14;1;SHORTS INF.;RSC     ;193931;0;1;150;789769921179
D-157ME   ;08      ;ME   ;.    ;.    ;4-6  ;4;SHORTS INF.;VH      ;193938;0;4;120;789769921186
D-157ME   ;08      ;ME   ;.    ;.    ;6X-7 ;14;SHORTS INF.;VH      ;193939;0;14;130;789769921187
D-157ME   ;08      ;ME   ;.    ;.    ;8-10 ;13;SHORTS INF.;VH      ;193940;0;13;140;789769921188
D-157ME   ;08      ;ME   ;.    ;.    ;12-14;5;SHORTS INF.;VH      ;193941;0;5;150;789769921189
D-157ME   ;08      ;ME   ;.    ;.    ;Y-JR ;4;SHORTS INF.;VH      ;193942;0;4;160;789769921190
D-157ME   ;11      ;ME   ;.    ;.    ;4-6  ;10;SHORTS INF.;AZBB    ;193943;0;10;120;789769921191
D-157ME   ;11      ;ME   ;.    ;.    ;6X-7 ;8;SHORTS INF.;AZBB    ;193944;0;8;130;789769921192
D-157ME   ;11      ;ME   ;.    ;.    ;8-10 ;20;SHORTS INF.;AZBB    ;193945;0;20;140;789769921193
D-157ME   ;11      ;ME   ;.    ;.    ;12-14;15;SHORTS INF.;AZBB    ;193946;0;15;150;789769921194
D-157ME   ;11      ;ME   ;.    ;.    ;Y-JR ;15;SHORTS INF.;AZBB    ;193947;0;15;160;789769921195
D-157ME   ;16      ;ME   ;.    ;.    ;4-6  ;2;SHORTS INF.;MH      ;201316;0;2;120;789769922107
D-157ME   ;16      ;ME   ;.    ;.    ;6X-7 ;3;SHORTS INF.;MH      ;201317;0;3;130;789769922108
D-157ME   ;16      ;ME   ;.    ;.    ;12-14;1;SHORTS INF.;MH      ;201319;0;1;150;789769922110
D-157ME   ;17      ;ME   ;.    ;.    ;12-14;1;SHORTS INF.;LA      ;196906;0;1;150;789769924132
D-157ME   ;31      ;ME   ;.    ;.    ;4-6  ;12;SHORTS INF.;EL      ;193950;0;12;120;789769921198
D-157ME   ;31      ;ME   ;.    ;.    ;6X-7 ;3;SHORTS INF.;EL      ;193949;0;3;130;789769921197
D-157ME   ;31      ;ME   ;.    ;.    ;8-10 ;17;SHORTS INF.;EL      ;193948;0;17;140;789769921196
D-157ME   ;31      ;ME   ;.    ;.    ;12-14;19;SHORTS INF.;EL      ;193951;0;19;150;789769921199
D-157ME   ;31      ;ME   ;.    ;.    ;Y-JR ;6;SHORTS INF.;EL      ;193952;0;6;160;789769921200
D-157ME   ;34      ;ME   ;.    ;.    ;4-6  ;3;SHORTS INF.;VE      ;201322;0;3;120;789769922113
D-157ME   ;34      ;ME   ;.    ;.    ;6X-7 ;20;SHORTS INF.;VE      ;201323;0;20;130;789769922114
D-157ME   ;34      ;ME   ;.    ;.    ;8-10 ;1;SHORTS INF.;VE      ;201324;0;1;140;789769922115
D-157ME   ;34      ;ME   ;.    ;.    ;12-14;13;SHORTS INF.;VE      ;201325;0;13;150;789769922116
D-157ME   ;34      ;ME   ;.    ;.    ;Y-JR ;16;SHORTS INF.;VE      ;201326;0;16;160;789769922117
D-157ME   ;84      ;ME   ;.    ;.    ;4-6  ;4;SHORTS INF.;BE      ;193953;0;4;120;789769921201
D-157ME   ;84      ;ME   ;.    ;.    ;6X-7 ;3;SHORTS INF.;BE      ;193954;0;3;130;789769921202
D-157ME   ;84      ;ME   ;.    ;.    ;8-10 ;4;SHORTS INF.;BE      ;193955;0;4;140;789769921203
D-157ME   ;84      ;ME   ;.    ;.    ;12-14;7;SHORTS INF.;BE      ;193956;0;7;150;789769921204
D-157ME   ;84      ;ME   ;.    ;.    ;Y-JR ;10;SHORTS INF.;BE      ;193957;0;10;160;789769921205
D-1674ME  ;03      ;ME   ;.    ;.    ;4-6  ;3;SAIA INF.;RSC     ;197035;0;3;120;789769924261
D-179ME   ;31      ;ME   ;.    ;.    ;6X-7 ;1;COLLANT COM AL큐S DE VIES INF;EL      ;195996;0;1;130;789769923225
D-179ME   ;31      ;ME   ;.    ;.    ;12-14;3;COLLANT COM AL큐S DE VIES INF;EL      ;196000;0;3;150;789769923229
D-192ME   ;34      ;ME   ;.    ;.    ;4-6  ;2;COLLANT COM AL큐 DE VIES INF.;VE      ;196951;0;2;120;789769924177
D-192ME   ;34      ;ME   ;.    ;.    ;8-10 ;3;COLLANT COM AL큐 DE VIES INF.;VE      ;196953;0;3;140;789769924179
D-193ME   ;01      ;ME   ;.    ;.    ;4-6  ;3;COLLANT REGATA INF.;PR      ;196957;0;3;120;789769924183
D-193ME   ;03      ;ME   ;.    ;.    ;2-4  ;2;COLLANT REGATA INF.;RSC     ;196962;0;2;110;789769924188
D-193ME   ;03      ;ME   ;.    ;.    ;4-6  ;5;COLLANT REGATA INF.;RSC     ;196963;0;5;120;789769924189
D-193ME   ;03      ;ME   ;.    ;.    ;12-14;2;COLLANT REGATA INF.;RSC     ;196966;0;2;150;789769924192
D-193ME   ;07      ;ME   ;.    ;.    ;2-4  ;5;COLLANT REGATA INF.;VO      ;196968;0;5;110;789769924194
D-193ME   ;07      ;ME   ;.    ;.    ;4-6  ;2;COLLANT REGATA INF.;VO      ;196969;0;2;120;789769924195
D-193ME   ;11      ;ME   ;.    ;.    ;2-4  ;12;COLLANT REGATA INF.;AZBB    ;196974;0;12;110;789769924200
D-193ME   ;11      ;ME   ;.    ;.    ;4-6  ;19;COLLANT REGATA INF.;AZBB    ;196975;0;19;120;789769924201
D-193ME   ;11      ;ME   ;.    ;.    ;6X-7 ;14;COLLANT REGATA INF.;AZBB    ;196976;0;14;130;789769924202
D-193ME   ;11      ;ME   ;.    ;.    ;8-10 ;5;COLLANT REGATA INF.;AZBB    ;196977;0;5;140;789769924203
D-193ME   ;11      ;ME   ;.    ;.    ;12-14;6;COLLANT REGATA INF.;AZBB    ;196978;0;6;150;789769924204
D-193ME   ;31      ;ME   ;.    ;.    ;2-4  ;1;COLLANT REGATA INF.;EL      ;196986;0;1;110;789769924212
D-193ME   ;31      ;ME   ;.    ;.    ;4-6  ;5;COLLANT REGATA INF.;EL      ;196987;0;5;120;789769924213
D-193ME   ;31      ;ME   ;.    ;.    ;6X-7 ;1;COLLANT REGATA INF.;EL      ;196988;0;1;130;789769924214
D-193ME   ;31      ;ME   ;.    ;.    ;8-10 ;1;COLLANT REGATA INF.;EL      ;196989;0;1;140;789769924215
D-1991ME  ;03      ;ME   ;.    ;.    ;2-4  ;2;COLLANT MANGA CURTA - INF.;RSC     ;193698;0;2;110;789769920948
D-1991ME  ;03      ;ME   ;.    ;.    ;4-6  ;1;COLLANT MANGA CURTA - INF.;RSC     ;193699;0;1;120;789769920949
D-1991ME  ;03      ;ME   ;.    ;.    ;6X-7 ;3;COLLANT MANGA CURTA - INF.;RSC     ;193700;0;3;130;789769920950
D-1991ME  ;03      ;ME   ;.    ;.    ;8-10 ;3;COLLANT MANGA CURTA - INF.;RSC     ;193701;0;3;140;789769920951
D-1991ME  ;03      ;ME   ;.    ;.    ;12-14;1;COLLANT MANGA CURTA - INF.;RSC     ;193697;0;1;150;789769920947
D-1991ME  ;31      ;ME   ;.    ;.    ;6X-7 ;2;COLLANT MANGA CURTA - INF.;EL      ;193711;0;2;130;789769920961
D-1991ME  ;31      ;ME   ;.    ;.    ;8-10 ;4;COLLANT MANGA CURTA - INF.;EL      ;193712;0;4;140;789769920962
D-200MA   ;01      ;MA   ;.    ;.    ;P    ;9;BLUSA REGATA AD;PR      ;195752;0;9;40;789769922982
D-200MA   ;01      ;MA   ;.    ;.    ;XL   ;16;BLUSA REGATA AD;PR      ;195756;0;16;56;789769922986
D-200MA   ;02      ;MA   ;.    ;.    ;L    ;8;BLUSA REGATA AD;BR      ;195763;0;8;55;789769922993
D-200MA   ;02      ;MA   ;.    ;.    ;XL   ;15;BLUSA REGATA AD;BR      ;195765;0;15;56;789769922995
D-226MM   ;02      ;M M  ;.    ;.    ;L    ;1;CASAQUINHO MANGA 7/8 - INF;BR      ;201883;0;1;55;789769925060
D-240ME   ;01      ;ME   ;.    ;.    ;4-6  ;3;COLLANT REGATA - INF;PR      ;201352;0;3;120;789769922140
D-251ME   ;07      ;ME   ;.    ;.    ;P    ;4;COLLANT REGATA - AD.;VO      ;192856;0;4;40;789769920127
D-251ME   ;07      ;ME   ;.    ;.    ;S    ;2;COLLANT REGATA - AD.;VO      ;192857;0;2;45;789769920128
D-251ME   ;07      ;ME   ;.    ;.    ;L    ;7;COLLANT REGATA - AD.;VO      ;192854;0;7;55;789769920125
D-252ME   ;01      ;ME   ;.    ;.    ;M    ;4;COLLANT COM ALCA DE VIES - AD.;PR      ;192566;0;4;50;789563084788
D-252ME   ;01      ;ME   ;.    ;.    ;L    ;4;COLLANT COM ALCA DE VIES - AD.;PR      ;192565;0;4;55;789563084787
D-252ME   ;01      ;ME   ;.    ;.    ;XL   ;2;COLLANT COM ALCA DE VIES - AD.;PR      ;192569;0;2;56;789563084791
D-254SU   ;01      ;SU   ;.    ;.    ;P    ;1;COLLANT COM DUAS ALCAS DE VIES - AD.;PR      ;192577;0;1;40;789563084799
D-254SU   ;84      ;SU   ;.    ;.    ;S    ;3;COLLANT COM DUAS ALCAS DE VIES - AD.;BE      ;192912;0;3;45;789769920183
D-254SU   ;84      ;SU   ;.    ;.    ;M    ;3;COLLANT COM DUAS ALCAS DE VIES - AD.;BE      ;192910;0;3;50;789769920181
D-254SU   ;84      ;SU   ;.    ;.    ;L    ;3;COLLANT COM DUAS ALCAS DE VIES - AD.;BE      ;192909;0;3;55;789769920180
D-255SU   ;01      ;SU   ;.    ;.    ;M    ;6;COLLANT COM ALCA DE VIES - AD.;PR      ;192581;0;6;50;789563084803
D-256ME   ;01      ;ME   ;.    ;.    ;P    ;7;COLLANT MANGA CURTA AD.;PR      ;194018;0;7;40;789769921266
D-256ME   ;01      ;ME   ;.    ;.    ;S    ;35;COLLANT MANGA CURTA AD.;PR      ;194022;0;35;45;789769921270
D-256ME   ;01      ;ME   ;.    ;.    ;M    ;10;COLLANT MANGA CURTA AD.;PR      ;194019;0;10;50;789769921267
D-256ME   ;01      ;ME   ;.    ;.    ;L    ;10;COLLANT MANGA CURTA AD.;PR      ;194020;0;10;55;789769921268
D-256ME   ;01      ;ME   ;.    ;.    ;XL   ;8;COLLANT MANGA CURTA AD.;PR      ;194021;0;8;56;789769921269
D-256ME   ;08      ;ME   ;.    ;.    ;P    ;6;COLLANT MANGA CURTA AD.;VH      ;194028;0;6;40;789769921276
D-256ME   ;08      ;ME   ;.    ;.    ;S    ;3;COLLANT MANGA CURTA AD.;VH      ;194029;0;3;45;789769921277
D-256ME   ;08      ;ME   ;.    ;.    ;M    ;6;COLLANT MANGA CURTA AD.;VH      ;194030;0;6;50;789769921278
D-256ME   ;08      ;ME   ;.    ;.    ;L    ;2;COLLANT MANGA CURTA AD.;VH      ;194032;0;2;55;789769921280
D-256ME   ;08      ;ME   ;.    ;.    ;XL   ;2;COLLANT MANGA CURTA AD.;VH      ;194031;0;2;56;789769921279
D-257ME   ;01      ;ME   ;.    ;.    ;L    ;1;SHORTS AD.;PR      ;194041;0;1;55;789769921289
D-257ME   ;08      ;ME   ;.    ;.    ;P    ;3;SHORTS AD.;VH      ;194048;0;3;40;789769921296
D-257ME   ;08      ;ME   ;.    ;.    ;M    ;10;SHORTS AD.;VH      ;194049;0;10;50;789769921297
D-257ME   ;08      ;ME   ;.    ;.    ;L    ;1;SHORTS AD.;VH      ;194051;0;1;55;789769921299
D-257ME   ;08      ;ME   ;.    ;.    ;XL   ;5;SHORTS AD.;VH      ;194050;0;5;56;789769921298
D-257ME   ;31      ;ME   ;.    ;.    ;S    ;2;SHORTS AD.;EL      ;194056;0;2;45;789769921304
D-257ME   ;31      ;ME   ;.    ;.    ;M    ;2;SHORTS AD.;EL      ;194054;0;2;50;789769921302
D-257ME   ;31      ;ME   ;.    ;.    ;L    ;2;SHORTS AD.;EL      ;194055;0;2;55;789769921303
D-257ME   ;34      ;ME   ;.    ;.    ;XL   ;4;SHORTS AD.;VE      ;197137;0;4;56;789769924363
D-273ME   ;01      ;ME   ;.    ;.    ;P    ;1;COLLANT COM AL큐 DE VIES AD;PR      ;195944;0;1;40;789769923173
D-273ME   ;01      ;ME   ;.    ;.    ;M    ;3;COLLANT COM AL큐 DE VIES AD;PR      ;195948;0;3;50;789769923177
D-273ME   ;08      ;ME   ;.    ;.    ;M    ;2;COLLANT COM AL큐 DE VIES AD;VH      ;195955;0;2;50;789769923184
D-273ME   ;08      ;ME   ;.    ;.    ;L    ;2;COLLANT COM AL큐 DE VIES AD;VH      ;195956;0;2;55;789769923185
D-279ME   ;01      ;ME   ;.    ;.    ;P    ;2;COLLANT COM AL큐S DE VIES AD;PR      ;196127;0;2;40;789769923356
D-279ME   ;01      ;ME   ;.    ;.    ;S    ;4;COLLANT COM AL큐S DE VIES AD;PR      ;196129;0;4;45;789769923358
D-279ME   ;01      ;ME   ;.    ;.    ;M    ;5;COLLANT COM AL큐S DE VIES AD;PR      ;196131;0;5;50;789769923360
D-279ME   ;01      ;ME   ;.    ;.    ;L    ;3;COLLANT COM AL큐S DE VIES AD;PR      ;196132;0;3;55;789769923361
D-279ME   ;07      ;ME   ;.    ;.    ;S    ;3;COLLANT COM AL큐S DE VIES AD;VO      ;196138;0;3;45;789769923367
D-279ME   ;07      ;ME   ;.    ;.    ;M    ;3;COLLANT COM AL큐S DE VIES AD;VO      ;196139;0;3;50;789769923368
D-279ME   ;07      ;ME   ;.    ;.    ;L    ;3;COLLANT COM AL큐S DE VIES AD;VO      ;196141;0;3;55;789769923370
D-279ME   ;17      ;ME   ;.    ;.    ;L    ;1;COLLANT COM AL큐S DE VIES AD;LA      ;201942;0;1;55;789769925116
D-2828ME  ;02      ;ME   ;.    ;.    ;L    ;1;COLLANT ALCA DE VIES COM DRAPEADO - AD.;BR      ;212370;0;1;55;789776154915
D-2828ME  ;02      ;ME   ;.    ;.    ;XL   ;1;COLLANT ALCA DE VIES COM DRAPEADO - AD.;BR      ;212496;0;1;56;789776155041
D-2828ME  ;07      ;ME   ;.    ;.    ;P    ;3;COLLANT ALCA DE VIES COM DRAPEADO - AD.;VO      ;197304;0;3;40;789769924530
D-2828ME  ;07      ;ME   ;.    ;.    ;S    ;1;COLLANT ALCA DE VIES COM DRAPEADO - AD.;VO      ;197305;0;1;45;789769924531
D-2828ME  ;07      ;ME   ;.    ;.    ;M    ;6;COLLANT ALCA DE VIES COM DRAPEADO - AD.;VO      ;197306;0;6;50;789769924532
D-2828ME  ;07      ;ME   ;.    ;.    ;L    ;7;COLLANT ALCA DE VIES COM DRAPEADO - AD.;VO      ;197307;0;7;55;789769924533
D-2828ME  ;07      ;ME   ;.    ;.    ;XL   ;2;COLLANT ALCA DE VIES COM DRAPEADO - AD.;VO      ;197308;0;2;56;789769924534
D-2828ME  ;08      ;ME   ;.    ;.    ;P    ;1;COLLANT ALCA DE VIES COM DRAPEADO - AD.;VH      ;192931;0;1;40;789769920202
D-2828ME  ;08      ;ME   ;.    ;.    ;S    ;2;COLLANT ALCA DE VIES COM DRAPEADO - AD.;VH      ;192932;0;2;45;789769920203
D-2828ME  ;08      ;ME   ;.    ;.    ;M    ;3;COLLANT ALCA DE VIES COM DRAPEADO - AD.;VH      ;192930;0;3;50;789769920201
D-2828ME  ;08      ;ME   ;.    ;.    ;L    ;4;COLLANT ALCA DE VIES COM DRAPEADO - AD.;VH      ;192929;0;4;55;789769920200
D-2880ME  ;08      ;ME   ;.    ;.    ;S    ;6;COLLANT MANGA 7/8 AD.;VH      ;193973;0;6;45;789769921221
D-2880ME  ;31      ;ME   ;.    ;.    ;M    ;1;COLLANT MANGA 7/8 AD.;EL      ;193980;0;1;50;789769921228
D-292ME   ;07      ;ME   ;.    ;.    ;M    ;3;COLLANT COM ALCA DE VIES AD;VO      ;197205;0;3;50;789769924431
D-292ME   ;07      ;ME   ;.    ;.    ;L    ;2;COLLANT COM ALCA DE VIES AD;VO      ;197206;0;2;55;789769924432
D-2991ME  ;01      ;ME   ;.    ;.    ;P    ;2;COLLANT MANGA CURTA - AD.;PR      ;192598;0;2;40;789563084820
D-2991ME  ;01      ;ME   ;.    ;.    ;S    ;2;COLLANT MANGA CURTA - AD.;PR      ;192599;0;2;45;789563084821
D-2991ME  ;01      ;ME   ;.    ;.    ;M    ;2;COLLANT MANGA CURTA - AD.;PR      ;192597;0;2;50;789563084819
D-3002CT  ;01      ;CT   ;.    ;.    ;8-10 ;3;SHORTS COS ALTO INF./CHILD;PR      ;201129;0;3;140;789769921920
D-334MM   ;01      ;M M  ;SD793;.    ;L    ;2;CAMISETA DECOTE CANOA - AD;PR      ;207045;0;2;55;789769929667
D-334MM   ;02      ;M M  ;SD796;.    ;S    ;6;CAMISETA DECOTE CANOA - AD;BR      ;202255;0;6;45;789769925429
D-334MM   ;02      ;M M  ;SD796;.    ;M    ;2;CAMISETA DECOTE CANOA - AD;BR      ;202256;0;2;50;789769925430
D-334MM   ;02      ;M M  ;SD796;.    ;L    ;19;CAMISETA DECOTE CANOA - AD;BR      ;202257;0;19;55;789769925431
D-360ME   ;01      ;ME   ;SD941;.    ;P    ;1;TOP AD.;PR      ;208291;0;1;40;789776150911
D-360ME   ;01      ;ME   ;SD941;.    ;S    ;1;TOP AD.;PR      ;208174;0;1;45;789776150794
D-360ME   ;01      ;ME   ;SD941;.    ;L    ;1;TOP AD.;PR      ;208172;0;1;55;789776150792
D-361ME   ;20054   ;ME   ;SD941;.    ;P    ;2;SHORTS AD.;PR      /PI      ;208326;0;2;40;789776150946
D-364MM   ;01      ;M M  ;94169;.    ;XL   ;5;BLUSA AD.;PR      ;208910;0;5;56;789776151497
D-364MM   ;02      ;M M  ;94169;.    ;L    ;4;BLUSA AD.;BR      ;208204;0;4;55;789776150824
D-364MM   ;02      ;M M  ;94169;.    ;XL   ;2;BLUSA AD.;BR      ;208912;0;2;56;789776151499
D-3670ME  ;01      ;ME   ;.    ;.    ;6X-7 ;120;COLLANT COM ALCAS DE VIES LARGO - INF.;PR      ;195562;0;120;130;789769922792
D-3670ME  ;01      ;ME   ;.    ;.    ;8-10 ;20;COLLANT COM ALCAS DE VIES LARGO - INF.;PR      ;192602;0;20;140;789563084824
D-3670ME  ;01      ;ME   ;.    ;.    ;12-14;19;COLLANT COM ALCAS DE VIES LARGO - INF.;PR      ;192601;0;19;150;789563084823
D-3670ME  ;01      ;ME   ;.    ;.    ;Y-JR ;19;COLLANT COM ALCAS DE VIES LARGO - INF.;PR      ;192603;0;19;160;789563084825
D-3670ME  ;03      ;ME   ;.    ;.    ;6X-7 ;15;COLLANT COM ALCAS DE VIES LARGO - INF.;RSC     ;195563;0;15;130;789769922793
D-3670ME  ;03      ;ME   ;.    ;.    ;8-10 ;26;COLLANT COM ALCAS DE VIES LARGO - INF.;RSC     ;193743;0;26;140;789769920993
D-3670ME  ;03      ;ME   ;.    ;.    ;12-14;28;COLLANT COM ALCAS DE VIES LARGO - INF.;RSC     ;193742;0;28;150;789769920992
D-3670ME  ;03      ;ME   ;.    ;.    ;Y-JR ;24;COLLANT COM ALCAS DE VIES LARGO - INF.;RSC     ;193744;0;24;160;789769920994
D-3670ME  ;07      ;ME   ;.    ;.    ;6X-7 ;4;COLLANT COM ALCAS DE VIES LARGO - INF.;VO      ;195564;0;4;130;789769922794
D-3670ME  ;07      ;ME   ;.    ;.    ;8-10 ;7;COLLANT COM ALCAS DE VIES LARGO - INF.;VO      ;193178;0;7;140;789769920441
D-3670ME  ;07      ;ME   ;.    ;.    ;12-14;2;COLLANT COM ALCAS DE VIES LARGO - INF.;VO      ;193179;0;2;150;789769920442
D-3670ME  ;07      ;ME   ;.    ;.    ;Y-JR ;2;COLLANT COM ALCAS DE VIES LARGO - INF.;VO      ;193177;0;2;160;789769920440
D-3670ME  ;11      ;ME   ;.    ;.    ;6X-7 ;11;COLLANT COM ALCAS DE VIES LARGO - INF.;AZBB    ;195566;0;11;130;789769922796
D-3670ME  ;11      ;ME   ;.    ;.    ;8-10 ;1;COLLANT COM ALCAS DE VIES LARGO - INF.;AZBB    ;193746;0;1;140;789769920996
D-3670ME  ;11      ;ME   ;.    ;.    ;Y-JR ;2;COLLANT COM ALCAS DE VIES LARGO - INF.;AZBB    ;193747;0;2;160;789769920997
D-3670ME  ;31      ;ME   ;.    ;.    ;6X-7 ;2;COLLANT COM ALCAS DE VIES LARGO - INF.;EL      ;197067;0;2;130;789769924293
D-3670ME  ;31      ;ME   ;.    ;.    ;8-10 ;11;COLLANT COM ALCAS DE VIES LARGO - INF.;EL      ;197068;0;11;140;789769924294
D-3670ME  ;31      ;ME   ;.    ;.    ;12-14;7;COLLANT COM ALCAS DE VIES LARGO - INF.;EL      ;197069;0;7;150;789769924295
D-3670ME  ;31      ;ME   ;.    ;.    ;Y-JR ;1;COLLANT COM ALCAS DE VIES LARGO - INF.;EL      ;197070;0;1;160;789769924296
D-3670ME  ;89      ;ME   ;.    ;.    ;8-10 ;4;COLLANT COM ALCAS DE VIES LARGO - INF.;PI      ;201505;0;4;140;789056739694
D-3670ME  ;89      ;ME   ;.    ;.    ;12-14;10;COLLANT COM ALCAS DE VIES LARGO - INF.;PI      ;201506;0;10;150;789769921970
D-374ME   ;01      ;ME   ;.    ;.    ;2-4  ;2;COLLANT INF.;PR      ;208942;0;2;110;789776151529
D-374ME   ;01      ;ME   ;.    ;.    ;4-6  ;11;COLLANT INF.;PR      ;208943;0;11;120;789776151530
D-374ME   ;01      ;ME   ;.    ;.    ;6X-7 ;14;COLLANT INF.;PR      ;208944;0;14;130;789776151531
D-374ME   ;01      ;ME   ;.    ;.    ;Y-JR ;2;COLLANT INF.;PR      ;208946;0;2;160;789776151533
D-374ME   ;03      ;ME   ;.    ;.    ;2-4  ;7;COLLANT INF.;RSC     ;208948;0;7;110;789776151535
D-374ME   ;03      ;ME   ;.    ;.    ;4-6  ;8;COLLANT INF.;RSC     ;208949;0;8;120;789776151536
D-374ME   ;03      ;ME   ;.    ;.    ;6X-7 ;11;COLLANT INF.;RSC     ;208950;0;11;130;789776151537
D-374ME   ;03      ;ME   ;.    ;.    ;Y-JR ;3;COLLANT INF.;RSC     ;208952;0;3;160;789776151539
D-374ME   ;07      ;ME   ;.    ;.    ;2-4  ;2;COLLANT INF.;VO      ;208954;0;2;110;789776151541
D-374ME   ;07      ;ME   ;.    ;.    ;4-6  ;7;COLLANT INF.;VO      ;208955;0;7;120;789776151542
D-374ME   ;07      ;ME   ;.    ;.    ;6X-7 ;14;COLLANT INF.;VO      ;208956;0;14;130;789776151543
D-374ME   ;07      ;ME   ;.    ;.    ;8-10 ;11;COLLANT INF.;VO      ;208957;0;11;140;789776151544
D-374ME   ;07      ;ME   ;.    ;.    ;12-14;18;COLLANT INF.;VO      ;208953;0;18;150;789776151540
D-374ME   ;07      ;ME   ;.    ;.    ;Y-JR ;4;COLLANT INF.;VO      ;208958;0;4;160;789776151545
D-374ME   ;08      ;ME   ;.    ;.    ;2-4  ;2;COLLANT INF.;VH      ;208960;0;2;110;789776151547
D-374ME   ;08      ;ME   ;.    ;.    ;4-6  ;1;COLLANT INF.;VH      ;208961;0;1;120;789776151548
D-374ME   ;08      ;ME   ;.    ;.    ;6X-7 ;16;COLLANT INF.;VH      ;208962;0;16;130;789776151549
D-374ME   ;08      ;ME   ;.    ;.    ;8-10 ;9;COLLANT INF.;VH      ;208963;0;9;140;789776151550
D-374ME   ;08      ;ME   ;.    ;.    ;12-14;1;COLLANT INF.;VH      ;208959;0;1;150;789776151546
D-374ME   ;08      ;ME   ;.    ;.    ;Y-JR ;16;COLLANT INF.;VH      ;208964;0;16;160;789776151551
D-374ME   ;31      ;ME   ;.    ;.    ;2-4  ;2;COLLANT INF.;EL      ;208966;0;2;110;789776151553
D-374ME   ;31      ;ME   ;.    ;.    ;4-6  ;4;COLLANT INF.;EL      ;208967;0;4;120;789776151554
D-374ME   ;31      ;ME   ;.    ;.    ;6X-7 ;11;COLLANT INF.;EL      ;208968;0;11;130;789776151555
D-374ME   ;31      ;ME   ;.    ;.    ;8-10 ;2;COLLANT INF.;EL      ;208969;0;2;140;789776151556
D-374ME   ;34      ;ME   ;.    ;.    ;2-4  ;2;COLLANT INF.;VE      ;208972;0;2;110;789776151559
D-374ME   ;34      ;ME   ;.    ;.    ;4-6  ;3;COLLANT INF.;VE      ;208973;0;3;120;789776151560
D-374ME   ;34      ;ME   ;.    ;.    ;6X-7 ;3;COLLANT INF.;VE      ;208974;0;3;130;789776151561
D-374ME   ;34      ;ME   ;.    ;.    ;8-10 ;3;COLLANT INF.;VE      ;208975;0;3;140;789776151562
D-374ME   ;34      ;ME   ;.    ;.    ;Y-JR ;3;COLLANT INF.;VE      ;208976;0;3;160;789776151563
D-374ME   ;412     ;ME   ;.    ;.    ;2-4  ;6;COLLANT INF.;412     ;208978;0;6;110;789776151565
D-374ME   ;412     ;ME   ;.    ;.    ;4-6  ;4;COLLANT INF.;412     ;208979;0;4;120;789776151566
D-374ME   ;412     ;ME   ;.    ;.    ;8-10 ;2;COLLANT INF.;412     ;208009;0;2;140;789776150629
D-374ME   ;412     ;ME   ;.    ;.    ;12-14;2;COLLANT INF.;412     ;208977;0;2;150;789776151564
D-374ME   ;412     ;ME   ;.    ;.    ;Y-JR ;2;COLLANT INF.;412     ;208981;0;2;160;789776151568
D-375ME   ;01      ;ME   ;.    ;.    ;M    ;1;SHORT AD.;PR      ;208010;0;1;50;789776150630
D-379ME   ;01      ;ME   ;.    ;.    ;M    ;1;COLLANT AD.;PR      ;209056;0;1;50;789776151643
D-379ME   ;84      ;ME   ;.    ;.    ;L    ;1;COLLANT AD.;BE      ;209079;0;1;55;789776151666
D-381JS   ;07      ;JS   ;.    ;.    ;S    ;3;SAIA AD.;VO      ;209372;0;3;45;789776151959
D-4670ME  ;01      ;ME   ;.    ;.    ;P    ;49;COLLANT COM ALCAS DE VIES LARGO - AD.;PR      ;192627;0;49;40;789563084851
D-4670ME  ;01      ;ME   ;.    ;.    ;S    ;17;COLLANT COM ALCAS DE VIES LARGO - AD.;PR      ;192628;0;17;45;789563084852
D-4670ME  ;01      ;ME   ;.    ;.    ;M    ;23;COLLANT COM ALCAS DE VIES LARGO - AD.;PR      ;192626;0;23;50;789563084850
D-4670ME  ;01      ;ME   ;.    ;.    ;L    ;79;COLLANT COM ALCAS DE VIES LARGO - AD.;PR      ;192625;0;79;55;789563084849
D-4670ME  ;01      ;ME   ;.    ;.    ;XL   ;35;COLLANT COM ALCAS DE VIES LARGO - AD.;PR      ;192629;0;35;56;789563084853
D-4670ME  ;07      ;ME   ;.    ;.    ;S    ;3;COLLANT COM ALCAS DE VIES LARGO - AD.;VO      ;193007;0;3;45;789769920278
D-4670ME  ;07      ;ME   ;.    ;.    ;M    ;13;COLLANT COM ALCAS DE VIES LARGO - AD.;VO      ;193005;0;13;50;789769920276
D-4670ME  ;07      ;ME   ;.    ;.    ;L    ;20;COLLANT COM ALCAS DE VIES LARGO - AD.;VO      ;193004;0;20;55;789769920275
D-4670ME  ;07      ;ME   ;.    ;.    ;XL   ;7;COLLANT COM ALCAS DE VIES LARGO - AD.;VO      ;193008;0;7;56;789769920279
D-6500ME  ;01      ;ME   ;.    ;.    ;2-4  ;32;COLLANT REGATA COM DRAPEADO - INF.;PR      ;192651;0;32;110;789563084875
D-6500ME  ;01      ;ME   ;.    ;.    ;4-6  ;14;COLLANT REGATA COM DRAPEADO - INF.;PR      ;192652;0;14;120;789563084876
D-6500ME  ;01      ;ME   ;.    ;.    ;6X-7 ;63;COLLANT REGATA COM DRAPEADO - INF.;PR      ;192653;0;63;130;789563084877
D-6500ME  ;01      ;ME   ;.    ;.    ;12-14;1;COLLANT REGATA COM DRAPEADO - INF.;PR      ;192650;0;1;150;789563084874
D-6500ME  ;01      ;ME   ;.    ;.    ;Y-JR ;46;COLLANT REGATA COM DRAPEADO - INF.;PR      ;192655;0;46;160;789563084879
D-6500ME  ;02      ;ME   ;.    ;.    ;6X-7 ;2;COLLANT REGATA COM DRAPEADO - INF.;BR      ;193769;0;2;130;789769921019
D-6500ME  ;02      ;ME   ;.    ;.    ;Y-JR ;2;COLLANT REGATA COM DRAPEADO - INF.;BR      ;193771;0;2;160;789769921021
D-6500ME  ;07      ;ME   ;.    ;.    ;2-4  ;2;COLLANT REGATA COM DRAPEADO - INF.;VO      ;193359;0;2;110;789769920621
D-6500ME  ;07      ;ME   ;.    ;.    ;4-6  ;2;COLLANT REGATA COM DRAPEADO - INF.;VO      ;193360;0;2;120;789769920622
D-6500ME  ;07      ;ME   ;.    ;.    ;6X-7 ;4;COLLANT REGATA COM DRAPEADO - INF.;VO      ;193361;0;4;130;789769920623
D-6500ME  ;07      ;ME   ;.    ;.    ;8-10 ;9;COLLANT REGATA COM DRAPEADO - INF.;VO      ;193362;0;9;140;789769920624
D-6500ME  ;07      ;ME   ;.    ;.    ;12-14;14;COLLANT REGATA COM DRAPEADO - INF.;VO      ;193363;0;14;150;789769920625
D-6500ME  ;07      ;ME   ;.    ;.    ;Y-JR ;6;COLLANT REGATA COM DRAPEADO - INF.;VO      ;193364;0;6;160;789769920626
D-6500ME  ;16      ;ME   ;.    ;.    ;2-4  ;2;COLLANT REGATA COM DRAPEADO - INF.;MH      ;201514;0;2;110;789769920697
D-6500ME  ;16      ;ME   ;.    ;.    ;4-6  ;2;COLLANT REGATA COM DRAPEADO - INF.;MH      ;201515;0;2;120;789769920698
D-6500ME  ;16      ;ME   ;.    ;.    ;8-10 ;3;COLLANT REGATA COM DRAPEADO - INF.;MH      ;201517;0;3;140;789769920700
D-6500ME  ;16      ;ME   ;.    ;.    ;12-14;5;COLLANT REGATA COM DRAPEADO - INF.;MH      ;201518;0;5;150;789769920701
D-6500ME  ;16      ;ME   ;.    ;.    ;Y-JR ;8;COLLANT REGATA COM DRAPEADO - INF.;MH      ;201519;0;8;160;789769920702
D-6500ME  ;17      ;ME   ;.    ;.    ;2-4  ;12;COLLANT REGATA COM DRAPEADO - INF.;LA      ;197079;0;12;110;789769924305
D-6500ME  ;17      ;ME   ;.    ;.    ;4-6  ;23;COLLANT REGATA COM DRAPEADO - INF.;LA      ;197080;0;23;120;789769924306
D-6500ME  ;17      ;ME   ;.    ;.    ;6X-7 ;57;COLLANT REGATA COM DRAPEADO - INF.;LA      ;197081;0;57;130;789769924307
D-6500ME  ;17      ;ME   ;.    ;.    ;8-10 ;56;COLLANT REGATA COM DRAPEADO - INF.;LA      ;197082;0;56;140;789769924308
D-6500ME  ;17      ;ME   ;.    ;.    ;12-14;55;COLLANT REGATA COM DRAPEADO - INF.;LA      ;197083;0;55;150;789769924309
D-6500ME  ;17      ;ME   ;.    ;.    ;Y-JR ;27;COLLANT REGATA COM DRAPEADO - INF.;LA      ;197084;0;27;160;789769924310
D-6500ME  ;31      ;ME   ;.    ;.    ;4-6  ;20;COLLANT REGATA COM DRAPEADO - INF.;EL      ;193786;0;20;120;789769921036
D-6500ME  ;31      ;ME   ;.    ;.    ;6X-7 ;12;COLLANT REGATA COM DRAPEADO - INF.;EL      ;193787;0;12;130;789769921037
D-6500ME  ;31      ;ME   ;.    ;.    ;8-10 ;4;COLLANT REGATA COM DRAPEADO - INF.;EL      ;193788;0;4;140;789769921038
D-6500ME  ;31      ;ME   ;.    ;.    ;12-14;20;COLLANT REGATA COM DRAPEADO - INF.;EL      ;193784;0;20;150;789769921034
D-6500ME  ;31      ;ME   ;.    ;.    ;Y-JR ;24;COLLANT REGATA COM DRAPEADO - INF.;EL      ;193789;0;24;160;789769921039
D-6600ME  ;01      ;ME   ;.    ;.    ;2-4  ;2;COLLANT M/L - INF.;PR      ;192657;0;2;110;789563084881
D-6600ME  ;01      ;ME   ;.    ;.    ;Y-JR ;1;COLLANT M/L - INF.;PR      ;192661;0;1;160;789563084885
D-6600ME  ;03      ;ME   ;.    ;.    ;4-6  ;1;COLLANT M/L - INF.;RSC     ;193798;0;1;120;789769921048
D-6600ME  ;03      ;ME   ;.    ;.    ;6X-7 ;1;COLLANT M/L - INF.;RSC     ;193799;0;1;130;789769921049
D-6758ME  ;01      ;ME   ;.    ;.    ;4-6  ;3;COLLANT M/M COM DRAPEADO - INF.;PR      ;192664;0;3;120;789563084888
D-6758ME  ;01      ;ME   ;.    ;.    ;6X-7 ;10;COLLANT M/M COM DRAPEADO - INF.;PR      ;192665;0;10;130;789563084889
D-6758ME  ;01      ;ME   ;.    ;.    ;8-10 ;1;COLLANT M/M COM DRAPEADO - INF.;PR      ;192666;0;1;140;789563084890
D-6758ME  ;03      ;ME   ;.    ;.    ;2-4  ;1;COLLANT M/M COM DRAPEADO - INF.;RSC     ;193809;0;1;110;789769921059
D-6758ME  ;31      ;ME   ;.    ;.    ;4-6  ;2;COLLANT M/M COM DRAPEADO - INF.;EL      ;193822;0;2;120;789769921072
D-6758ME  ;31      ;ME   ;.    ;.    ;8-10 ;2;COLLANT M/M COM DRAPEADO - INF.;EL      ;193824;0;2;140;789769921074
D-7500ME  ;01      ;ME   ;.    ;.    ;P    ;3;COLLANT REGATA COM DRAPEADO - AD.;PR      ;192670;0;3;40;789563084894
D-7500ME  ;01      ;ME   ;.    ;.    ;S    ;1;COLLANT REGATA COM DRAPEADO - AD.;PR      ;192671;0;1;45;789563084895
D-7500ME  ;01      ;ME   ;.    ;.    ;M    ;1;COLLANT REGATA COM DRAPEADO - AD.;PR      ;192669;0;1;50;789563084893
D-7500ME  ;01      ;ME   ;.    ;.    ;L    ;1;COLLANT REGATA COM DRAPEADO - AD.;PR      ;192668;0;1;55;789563084892
D-7500ME  ;01      ;ME   ;.    ;.    ;XL   ;1;COLLANT REGATA COM DRAPEADO - AD.;PR      ;192672;0;1;56;789563084896
D-7500ME  ;02      ;ME   ;.    ;.    ;P    ;2;COLLANT REGATA COM DRAPEADO - AD.;BR      ;193828;0;2;40;789769921078
D-7500ME  ;02      ;ME   ;.    ;.    ;M    ;1;COLLANT REGATA COM DRAPEADO - AD.;BR      ;193827;0;1;50;789769921077
D-7500ME  ;02      ;ME   ;.    ;.    ;L    ;1;COLLANT REGATA COM DRAPEADO - AD.;BR      ;193826;0;1;55;789769921076
D-7500ME  ;02      ;ME   ;.    ;.    ;XL   ;2;COLLANT REGATA COM DRAPEADO - AD.;BR      ;193830;0;2;56;789769921080
D-7500ME  ;07      ;ME   ;.    ;.    ;P    ;8;COLLANT REGATA COM DRAPEADO - AD.;VO      ;193402;0;8;40;789769920664
D-7500ME  ;07      ;ME   ;.    ;.    ;S    ;2;COLLANT REGATA COM DRAPEADO - AD.;VO      ;193403;0;2;45;789769920665
D-7500ME  ;07      ;ME   ;.    ;.    ;M    ;2;COLLANT REGATA COM DRAPEADO - AD.;VO      ;193404;0;2;50;789769920666
D-7500ME  ;07      ;ME   ;.    ;.    ;L    ;1;COLLANT REGATA COM DRAPEADO - AD.;VO      ;193405;0;1;55;789769920667
D-7500ME  ;07      ;ME   ;.    ;.    ;XL   ;2;COLLANT REGATA COM DRAPEADO - AD.;VO      ;193406;0;2;56;789769920668
D-7600ME  ;01      ;ME   ;.    ;.    ;S    ;1;COLLANT M/L - AD.;PR      ;192676;0;1;45;789563084900
D-7600ME  ;01      ;ME   ;.    ;.    ;M    ;3;COLLANT M/L - AD.;PR      ;192674;0;3;50;789563084898
D-7600ME  ;01      ;ME   ;.    ;.    ;L    ;6;COLLANT M/L - AD.;PR      ;192673;0;6;55;789563084897
D-7600ME  ;01      ;ME   ;.    ;.    ;XL   ;5;COLLANT M/L - AD.;PR      ;192677;0;5;56;789563084901
D-7758ME  ;01      ;ME   ;.    ;.    ;M    ;1;COLLANT M/M COM DRAPEADO - AD.;PR      ;192679;0;1;50;789563084903
D-7758ME  ;01      ;ME   ;.    ;.    ;XL   ;1;COLLANT M/M COM DRAPEADO - AD.;PR      ;192682;0;1;56;789563084907
D-7758ME  ;31      ;ME   ;.    ;.    ;L    ;2;COLLANT M/M COM DRAPEADO - AD.;EL      ;193846;0;2;55;789769921096
DDS/4-2   ;01      ;ME   ;.    ;.    ;M    ;3;MACAQUINHO DDS AD 2 BOTAO PRESSAO;PR      ;262196;0;3;50;746042160212
E-BA-24   ;ROSA BB ;M    ;.    ;.    ;12쩹 ;1;SAPATILHA MEIA PONTA EM LONA SOLA INTEIRA;ROSA BB ;43767;0;1;15;789563001494
ES-1C     ;20296   ;ME/TL;.    ;.    ;MC   ;3;COLLANT DDS INF;PR      /PR      ;262193;0;3;2;746042160210
L-408ME   ;31300   ;ME-RF;.    ;.    ;S    ;5;COLLANT REGATA AD.;PR      /PR      /BG      ;213489;0;5;45;789776156201
L-414ME   ;20133   ;ME/RF;.    ;.    ;XL   ;3;COLLANT REGATA AD.;BR      /BR      ;213507;0;3;56;789776156207
L-414ME   ;20296   ;ME/RF;.    ;.    ;P    ;1;COLLANT REGATA AD.;PR      /PR      ;213509;0;1;40;789776156209
L-414ME   ;20296   ;ME/RF;.    ;.    ;M    ;3;COLLANT REGATA AD.;PR      /PR      ;213284;0;3;50;789776155737
L-414ME   ;20296   ;ME/RF;.    ;.    ;L    ;1;COLLANT REGATA AD.;PR      /PR      ;213508;0;1;55;789776156208
L-414ME   ;20296   ;ME/RF;.    ;.    ;XL   ;1;COLLANT REGATA AD.;PR      /PR      ;213511;0;1;56;789776156211
L-451MM   ;01      ;M M  ;SD69 ;.    ;S    ;8;SHORTS INF.;PR      ;213669;0;8;45;789776156249
L-451MM   ;01      ;M M  ;SD69 ;.    ;M    ;30;SHORTS INF.;PR      ;213668;0;30;50;789776155859
L-451MM   ;01      ;M M  ;SD69 ;.    ;L    ;7;SHORTS INF.;PR      ;213667;0;7;55;789776156248
L-451MM   ;02      ;M M  ;SD69 ;.    ;M    ;1;SHORTS INF.;BR      ;213292;0;1;50;789776155745
L-451MM   ;02      ;M M  ;SD69 ;.    ;L    ;1;SHORTS INF.;BR      ;213670;0;1;55;789776157327
L-497ME   ;31      ;ME   ;.    ;.    ;6X-7 ;1;COLLANT REGATA INF.;EL      ;215709;0;1;130;789776157073
L-497ME   ;31      ;ME   ;.    ;.    ;8-10 ;1;COLLANT REGATA INF.;EL      ;215454;0;1;140;789776156975
L-503ME   ;01      ;ME   ;.    ;.    ;4-6  ;3;COLLANT COM ALCA INF.;PR      ;218785;0;3;120;789776158968
L-503ME   ;01      ;ME   ;.    ;.    ;6X-7 ;1;COLLANT COM ALCA INF.;PR      ;218786;0;1;130;789776158969
L-503ME   ;03      ;ME   ;.    ;.    ;8-10 ;1;COLLANT COM ALCA INF.;RSC     ;218977;0;1;140;789776159102
L-503ME   ;03      ;ME   ;.    ;.    ;12-14;1;COLLANT COM ALCA INF.;RSC     ;219082;0;1;150;789776159229
L-503ME   ;18      ;ME   ;.    ;.    ;6X-7 ;1;COLLANT COM ALCA INF.;RX      ;219085;0;1;130;789776159232
L-503ME   ;18      ;ME   ;.    ;.    ;8-10 ;1;COLLANT COM ALCA INF.;RX      ;219086;0;1;140;789776159233
L-509ME   ;20296   ;ME/TL;.    ;.    ;6X-7 ;1;COLLANT COM SAIA DE TELA INF.;PR      /PR      ;215715;0;1;130;789776157070
L-509ME   ;20296   ;ME/TL;.    ;.    ;8-10 ;1;COLLANT COM SAIA DE TELA INF.;PR      /PR      ;215460;0;1;140;789776156972
L-509ME   ;20369   ;ME/TL;.    ;.    ;4-6  ;1;COLLANT COM SAIA DE TELA INF.;VO      /VO      ;218931;0;1;120;789776159116
L-509ME   ;20414   ;ME/TL;.    ;.    ;4-6  ;1;COLLANT COM SAIA DE TELA INF.;RSC     /RSC     ;218934;0;1;120;789776159119
L-511ME   ;20296   ;ME/TL;.    ;.    ;4-6  ;1;COLLANT COM SAIA INF.;PR      /PR      ;218794;0;1;120;789776159004
L-511ME   ;20296   ;ME/TL;.    ;.    ;6X-7 ;2;COLLANT COM SAIA INF.;PR      /PR      ;218795;0;2;130;789776159005
L-511ME   ;20296   ;ME/TL;.    ;.    ;8-10 ;2;COLLANT COM SAIA INF.;PR      /PR      ;219117;0;2;140;789776159270
L-511ME   ;20296   ;ME/TL;.    ;.    ;12-14;1;COLLANT COM SAIA INF.;PR      /PR      ;219116;0;1;150;789776159269
L-511ME   ;20414   ;ME/TL;.    ;.    ;8-10 ;1;COLLANT COM SAIA INF.;RSC     /RSC     ;215461;0;1;140;789776156973
L-532ME   ;01      ;ME   ;.    ;.    ;S    ;1;COLLANT AD.;PR      ;219576;0;1;45;789776159802
L-532ME   ;31      ;ME   ;.    ;.    ;P    ;2;COLLANT AD.;EL      ;219629;0;2;40;789776159835
L-532ME   ;31      ;ME   ;.    ;.    ;S    ;10;COLLANT AD.;EL      ;219630;0;10;45;789776159836
L-532ME   ;31      ;ME   ;.    ;.    ;M    ;9;COLLANT AD.;EL      ;219628;0;9;50;789776159834
L-532ME   ;31      ;ME   ;.    ;.    ;L    ;3;COLLANT AD.;EL      ;219627;0;3;55;789776159833
L-534ME   ;20133   ;ME/RE;.    ;.    ;P    ;5;COLLANT AD.;BR      /BR      ;219494;0;5;40;789776159723
L-534ME   ;20133   ;ME/RE;.    ;.    ;S    ;11;COLLANT AD.;BR      /BR      ;219495;0;11;45;789776159724
L-543ME   ;01      ;ME   ;SD941;.    ;2-4  ;2;TOP INF.;PR      ;220434;0;2;110;789966900588
L-543ME   ;01      ;ME   ;SD941;.    ;4-6  ;3;TOP INF.;PR      ;219638;0;3;120;789776159898
L-543ME   ;01      ;ME   ;SD941;.    ;8-10 ;1;TOP INF.;PR      ;219640;0;1;140;789776159900
L-543ME   ;01      ;ME   ;SD941;.    ;12-14;51;TOP INF.;PR      ;219637;0;51;150;789776159897
L-543ME   ;01      ;ME   ;SD941;.    ;Y-JR ;4;TOP INF.;PR      ;219641;0;4;160;789776159901
L-543ME   ;89      ;ME   ;SD941;.    ;2-4  ;1;TOP INF.;PI      ;219816;0;1;110;789776159999
L-543ME   ;89      ;ME   ;SD941;.    ;6X-7 ;1;TOP INF.;PI      ;219644;0;1;130;789776159904
L-543ME   ;89      ;ME   ;SD941;.    ;8-10 ;1;TOP INF.;PI      ;219212;0;1;140;789776159317
L-545ME   ;20054   ;ME   ;SD941;.    ;4-6  ;1;SHORTS INF.;PR      /PI      ;219647;0;1;120;789776159880
L-545ME   ;20054   ;ME   ;SD941;.    ;6X-7 ;1;SHORTS INF.;PR      /PI      ;219648;0;1;130;789776159881
L-545ME   ;20054   ;ME   ;SD941;.    ;8-10 ;4;SHORTS INF.;PR      /PI      ;219213;0;4;140;789776159316
L-545ME   ;20296   ;ME   ;SD941;.    ;6X-7 ;8;SHORTS INF.;PR      /PR      ;219652;0;8;130;789776159885
L-545ME   ;20296   ;ME   ;SD941;.    ;8-10 ;1;SHORTS INF.;PR      /PR      ;219653;0;1;140;789776159886
L-545ME   ;20296   ;ME   ;SD941;.    ;Y-JR ;5;SHORTS INF.;PR      /PR      ;219654;0;5;160;789776159887
L-545ME   ;21001   ;ME   ;SD941;.    ;4-6  ;3;SHORTS INF.;412     /VO      ;219721;0;3;120;789776159915
L-553ME   ;20133   ;ME/RA;.    ;.    ;B    ;3;COLLANT REGATA COM SAIA INF.;BR      /BR      ;220648;0;3;2;789966901385
L-555ME   ;20133   ;ME/TL;.    ;.    ;2-4  ;7;COLLANT COM SAIA INF.;BR      /BR      ;220310;0;7;110;789966900415
L-555ME   ;20133   ;ME/TL;.    ;.    ;4-6  ;1;COLLANT COM SAIA INF.;BR      /BR      ;220655;0;1;120;789966902313
L-555ME   ;20296   ;ME/TL;.    ;.    ;4-6  ;1;COLLANT COM SAIA INF.;PR      /PR      ;220653;0;1;120;789966902311
L-563ME   ;20133   ;ME/TB;.    ;.    ;2-4  ;12;COLLANT REGATA COM BABADO INF.;BR      /BR      ;220314;0;12;110;789966900431
L-563ME   ;20133   ;ME/TB;.    ;.    ;6X-7 ;2;COLLANT REGATA COM BABADO INF.;BR      /BR      ;220691;0;2;130;789966901207
L-565ME   ;20133   ;ME/TB;.    ;.    ;2-4  ;16;SAIA COM BABADO NA BARRA INF.;BR      /BR      ;220315;0;16;110;789966900433
L-569ME   ;20133   ;ME/TB;.    ;.    ;8-10 ;3;SHORTS INF.;BR      /BR      ;220710;0;3;140;789966900784
L-579ME   ;01      ;ME   ;.    ;.    ;4-6  ;1;COLLANT INF.;PR      ;220751;0;1;120;789966901174
L-579ME   ;01      ;ME   ;.    ;.    ;6X-7 ;15;COLLANT INF.;PR      ;220752;0;15;130;789966900928
L-579ME   ;12      ;ME   ;.    ;.    ;8-10 ;1;COLLANT INF.;TQ      ;220322;0;1;140;789966900423
L-579ME   ;12      ;ME   ;.    ;.    ;12-14;1;COLLANT INF.;TQ      ;220754;0;1;150;789966900930
L-579ME   ;89      ;ME   ;.    ;.    ;6X-7 ;2;COLLANT INF.;PI      ;220763;0;2;130;789966901037
L-579ME   ;89      ;ME   ;.    ;.    ;12-14;1;COLLANT INF.;PI      ;220761;0;1;150;789966901035
L-581ME   ;20133   ;ME/TB;.    ;.    ;4-6  ;2;COLLANT INF.;BR      /BR      ;220766;0;2;120;789966902347
L-581ME   ;20133   ;ME/TB;.    ;.    ;8-10 ;15;COLLANT INF.;BR      /BR      ;220323;0;15;140;789966900424
L-581ME   ;20414   ;ME/TB;.    ;.    ;6X-7 ;4;COLLANT INF.;RSC     /RSC     ;220770;0;4;130;789966901362
L-581ME   ;20414   ;ME/TB;.    ;.    ;8-10 ;1;COLLANT INF.;RSC     /RSC     ;220771;0;1;140;789966902350
L-585ME   ;20296   ;ME/TL;.    ;.    ;12-14;2;COLLANT INF.;PR      /PR      ;220787;0;2;150;789966901039
L-586ME   ;20296   ;ME/MR;.    ;.    ;L    ;5;COLLANT AD.;PR      /PR      ;221031;0;5;55;789966900847
L-590ME   ;20296   ;ME/MR;.    ;.    ;L    ;5;COLLANT AD.;PR      /PR      ;221035;0;5;55;789966900851
L-596ME   ;20296   ;ME/RF;.    ;.    ;L    ;4;COLLANT AD.;PR      /PR      ;221044;0;4;55;789966900855
L-598ME   ;20994   ;ME/TL;.    ;.    ;S    ;1;COLLANT AD.;412     /412     ;221060;0;1;45;789966900976
L-598ME   ;20994   ;ME/TL;.    ;.    ;M    ;1;COLLANT AD.;412     /412     ;220299;0;1;50;789966900440
L-598ME   ;22001   ;ME/TL;.    ;.    ;XL   ;2;COLLANT AD.;BE      /RI      ;221066;0;2;56;789966901230
L-604ME   ;20296   ;ME/TL;.    ;.    ;XL   ;1;COLLANT AD.;PR      /PR      ;221089;0;1;56;789966900872
L-604ME   ;20369   ;ME/TL;.    ;.    ;P    ;1;COLLANT AD.;VO      /VO      ;221092;0;1;40;789966900981
L-604ME   ;20369   ;ME/TL;.    ;.    ;XL   ;2;COLLANT AD.;VO      /VO      ;221094;0;2;56;789966902300
L-604ME   ;20994   ;ME/TL;.    ;.    ;S    ;1;COLLANT AD.;412     /412     ;221098;0;1;45;789966900986
L-606ME   ;20296   ;ME/TL;.    ;.    ;XL   ;1;COLLANT AD.;PR      /PR      ;221104;0;1;56;789966900992
L-606ME   ;20994   ;ME/TL;.    ;.    ;L    ;2;COLLANT AD.;412     /412     ;221110;0;2;55;789966900997
L-606ME   ;22001   ;ME/TL;.    ;.    ;M    ;1;COLLANT AD.;BE      /RI      ;221115;0;1;50;789966901000
L-606ME   ;22001   ;ME/TL;.    ;.    ;XL   ;2;COLLANT AD.;BE      /RI      ;221118;0;2;56;789966901147
L-608ME   ;20296   ;ME/TL;.    ;.    ;L    ;2;COLLANT AD.;PR      /PR      ;221119;0;2;55;789966900873
L-608ME   ;20296   ;ME/TL;.    ;.    ;XL   ;1;COLLANT AD.;PR      /PR      ;221123;0;1;56;789966900877
L-608ME   ;20994   ;ME/TL;.    ;.    ;P    ;4;COLLANT AD.;412     /412     ;221131;0;4;40;789966901334
L-608ME   ;20994   ;ME/TL;.    ;.    ;S    ;4;COLLANT AD.;412     /412     ;221132;0;4;45;789966901154
L-608ME   ;20994   ;ME/TL;.    ;.    ;M    ;4;COLLANT AD.;412     /412     ;221130;0;4;50;789966901153
L-608ME   ;20994   ;ME/TL;.    ;.    ;L    ;4;COLLANT AD.;412     /412     ;221129;0;4;55;789966901333
L-608ME   ;22001   ;ME/TL;.    ;.    ;L    ;1;COLLANT AD.;BE      /RI      ;221134;0;1;55;789966900878
L-609ME   ;20369   ;ME/TL;.    ;.    ;6X-7 ;1;COLLANT INF.;VO      /VO      ;220812;0;1;130;789966901046
L-609ME   ;20369   ;ME/TL;.    ;.    ;Y-JR ;7;COLLANT INF.;VO      /VO      ;220814;0;7;160;789966901190
L-609ME   ;20414   ;ME/TL;.    ;.    ;2-4  ;1;COLLANT INF.;RSC     /RSC     ;220816;0;1;110;789966901191
L-609ME   ;20414   ;ME/TL;.    ;.    ;8-10 ;2;COLLANT INF.;RSC     /RSC     ;220326;0;2;140;789966900427
L-609ME   ;20994   ;ME/TL;.    ;.    ;4-6  ;9;COLLANT INF.;412     /412     ;220822;0;9;120;789966900940
L-610ME   ;22001   ;ME/TL;.    ;.    ;M    ;1;COLLANT AD.;BE      /RI      ;221153;0;1;50;789966901908
L-611ME   ;20369   ;ME/TL;.    ;.    ;8-10 ;1;COLLANT INF.;VO      /VO      ;220841;0;1;140;789966900946
L-611ME   ;20369   ;ME/TL;.    ;.    ;12-14;1;COLLANT INF.;VO      /VO      ;220837;0;1;150;789966900945
L-612ME   ;01      ;ME   ;.    ;.    ;M    ;1;COLLANT AD.;PR      ;221158;0;1;50;789966900890
L-612ME   ;01      ;ME   ;.    ;.    ;L    ;3;COLLANT AD.;PR      ;221157;0;3;55;789966900889
L-612ME   ;02      ;ME   ;.    ;.    ;M    ;1;COLLANT AD.;BR      ;220305;0;1;50;789966900445
L-612ME   ;412     ;ME   ;.    ;.    ;S    ;1;COLLANT AD.;412     ;221179;0;1;45;789966901685
L-613ME   ;12      ;ME   ;.    ;.    ;4-6  ;2;COLLANT INF.;TQ      ;220857;0;2;120;789966901056
L-613ME   ;12      ;ME   ;.    ;.    ;6X-7 ;4;COLLANT INF.;TQ      ;220858;0;4;130;789966901057
L-613ME   ;12      ;ME   ;.    ;.    ;8-10 ;4;COLLANT INF.;TQ      ;220859;0;4;140;789966901058
L-613ME   ;12      ;ME   ;.    ;.    ;12-14;2;COLLANT INF.;TQ      ;220855;0;2;150;789966901055
L-613ME   ;18      ;ME   ;.    ;.    ;6X-7 ;5;COLLANT INF.;RX      ;220864;0;5;130;789966901060
L-613ME   ;18      ;ME   ;.    ;.    ;8-10 ;6;COLLANT INF.;RX      ;220865;0;6;140;789966901061
L-613ME   ;18      ;ME   ;.    ;.    ;Y-JR ;2;COLLANT INF.;RX      ;220866;0;2;160;789966901372
L-613ME   ;89      ;ME   ;.    ;.    ;2-4  ;1;COLLANT INF.;PI      ;220868;0;1;110;789966901700
L-613ME   ;89      ;ME   ;.    ;.    ;Y-JR ;1;COLLANT INF.;PI      ;220871;0;1;160;789966901374
L-616ME   ;20296   ;ME/MR;.    ;.    ;P    ;10;CASAQUINHO AD.;PR      /PR      ;221182;0;10;40;789966900845
L-616ME   ;20296   ;ME/MR;.    ;.    ;S    ;19;CASAQUINHO AD.;PR      /PR      ;221183;0;19;45;789966900846
L-616ME   ;20296   ;ME/MR;.    ;.    ;M    ;19;CASAQUINHO AD.;PR      /PR      ;220306;0;19;50;789966900436
L-616ME   ;20296   ;ME/MR;.    ;.    ;L    ;8;CASAQUINHO AD.;PR      /PR      ;221181;0;8;55;789966900844
L-624ME   ;20296   ;ME/RF;.    ;.    ;L    ;1;BLUSA AD.;PR      /PR      ;221207;0;1;55;789966901297
L-630ME   ;89      ;ME   ;.    ;.    ;M    ;6;BLUSA AD.;PI      ;220337;0;6;50;789966900398
L-636ME   ;20296   ;ME   ;.    ;.    ;XL   ;1;SHORTS AD.;PR      /PR      ;221300;0;1;56;789966901439
L-649MM   ;02      ;M M  ;1090 ;.    ;L    ;3;BLUSA INF.;BR      ;220881;0;3;55;789966901313
L-687ME   ;20296   ;ME/JE;.    ;.    ;8-10 ;3;COLLANT INF.;PR      /PR      ;220331;0;3;140;789966900435
L-697ME   ;22007   ;ME/LP;.    ;.    ;Y-JR ;1;COLLANT M/L GINASTICA INF.;PI      /LP997   ;220940;0;1;160;789966901707
L-701EB   ;22005   ;EB/ME;.    ;.    ;Y-JR ;1;COLLANT REGATA GINASTICA INF.;EB998   /PI      ;220964;0;1;160;789966901735
L-707ME   ;22006   ;ME/LP;.    ;.    ;A    ;3;MACAQUINHO REGATA GINASTICA INF.;TQ      /LP996   ;221958;0;3;1;789966901514
L-707ME   ;22006   ;ME/LP;.    ;.    ;B    ;29;MACAQUINHO REGATA GINASTICA INF.;TQ      /LP996   ;221875;0;29;2;789966901398
L-707ME   ;22006   ;ME/LP;.    ;.    ;C    ;25;MACAQUINHO REGATA GINASTICA INF.;TQ      /LP996   ;221876;0;25;3;789966901399
L-707ME   ;22006   ;ME/LP;.    ;.    ;D    ;14;MACAQUINHO REGATA GINASTICA INF.;TQ      /LP996   ;221877;0;14;4;789966901400
L-707ME   ;22006   ;ME/LP;.    ;.    ;Y-JR ;2;MACAQUINHO REGATA GINASTICA INF.;TQ      /LP996   ;220994;0;2;160;789966901767
L-709MM   ;01      ;M M  ;.    ;.    ;M    ;1;SHORTS GINASTICA INF.;PR      ;221002;0;1;50;789966900726
LN-412ME  ;20133   ;ME/RF;.    ;.    ;XL   ;4;COLLANT MODELO ALGONGADO AD.;BR      /BR      ;213498;0;4;56;789776156184
LN-412ME  ;20296   ;ME/RF;.    ;.    ;P    ;36;COLLANT MODELO ALGONGADO AD.;PR      /PR      ;213500;0;36;40;789776156186
LN-588ME  ;20296   ;ME/MR;.    ;.    ;P    ;2;COLLANT AD.;PR      /PR      ;221352;0;2;40;789966900899
LN-588ME  ;20296   ;ME/MR;.    ;.    ;S    ;2;COLLANT AD.;PR      /PR      ;221353;0;2;45;789966900900
LN-614ME  ;01      ;ME   ;.    ;.    ;P    ;15;COLLANT AD.;PR      ;221357;0;15;40;789966900904
LN-614ME  ;18      ;ME   ;.    ;.    ;P    ;1;COLLANT AD.;RX      ;221366;0;1;40;789966901159
LN-614ME  ;89      ;ME   ;.    ;.    ;S    ;1;COLLANT AD.;PI      ;221377;0;1;45;789966901163
LN-614ME  ;89      ;ME   ;.    ;.    ;M    ;1;COLLANT AD.;PI      ;221375;0;1;50;789966901161
LN-614ME  ;89      ;ME   ;.    ;.    ;L    ;2;COLLANT AD.;PI      ;221374;0;2;55;789966901687
LN-614ME  ;89      ;ME   ;.    ;.    ;XL   ;1;COLLANT AD.;PI      ;221378;0;1;56;789966902309
MAC-1C    ;01      ;ME   ;.    ;.    ;MC   ;3;MACACAO DDS INF 2 BOTAO PRESSAO;PR      ;262195;0;3;2;746042160211
MAC-2C    ;01      ;ME   ;.    ;.    ;MC   ;3;MACAQUINHO DDS INF 2 BOTAO PRESSAO;PR      ;262197;0;3;2;746042160213
NC8851C   ;01      ;ME   ;.    ;.    ;MC   ;3;COLLANT DDS  INF 2 BOTAO PRESSAO;PR      ;262194;0;3;2;746042160209
V-6731JE  ;20416   ;JE/CT;.    ;.    ;2-4  ;4;SAIA COM PALA INF./CHILD;AZBB    /AZBB    ;98315;0;4;110;789563063527
V-6731JE  ;20416   ;JE/CT;.    ;.    ;4-6  ;6;SAIA COM PALA INF./CHILD;AZBB    /AZBB    ;98316;0;6;120;789563058242
V-6731JE  ;20416   ;JE/CT;.    ;.    ;6X-7 ;4;SAIA COM PALA INF./CHILD;AZBB    /AZBB    ;98317;0;4;130;789563063526
V-6731JE  ;20416   ;JE/CT;.    ;.    ;8-10 ;3;SAIA COM PALA INF./CHILD;AZBB    /AZBB    ;98318;0;3;140;789563058243
V-6731JE  ;20416   ;JE/CT;.    ;.    ;12-14;4;SAIA COM PALA INF./CHILD;AZBB    /AZBB    ;98314;0;4;150;789563058244
V-6731JE  ;20416   ;JE/CT;.    ;.    ;Y-JR ;5;SAIA COM PALA INF./CHILD;AZBB    /AZBB    ;98319;0;5;160;789563082947
V-6731JE  ;20417   ;JE/CT;.    ;.    ;2-4  ;2;SAIA COM PALA INF./CHILD;LA      /LA      ;98321;0;2;110;789563063529
V-6731JE  ;20417   ;JE/CT;.    ;.    ;4-6  ;2;SAIA COM PALA INF./CHILD;LA      /LA      ;98322;0;2;120;789563058245
V-6731JE  ;20417   ;JE/CT;.    ;.    ;6X-7 ;6;SAIA COM PALA INF./CHILD;LA      /LA      ;98323;0;6;130;789563063528
V-6731JE  ;20417   ;JE/CT;.    ;.    ;8-10 ;6;SAIA COM PALA INF./CHILD;LA      /LA      ;98324;0;6;140;789563058246
V-6731JE  ;20417   ;JE/CT;.    ;.    ;12-14;8;SAIA COM PALA INF./CHILD;LA      /LA      ;98320;0;8;150;789563058247
V-6731JE  ;20417   ;JE/CT;.    ;.    ;Y-JR ;8;SAIA COM PALA INF./CHILD;LA      /LA      ;98325;0;8;160;789056757664
V-6731JE  ;20436   ;JE/CT;.    ;.    ;12-14;3;SAIA COM PALA INF./CHILD;RS      /RSC     ;98330;0;3;150;789563058253
V-6731JE  ;20436   ;JE/CT;.    ;.    ;Y-JR ;1;SAIA COM PALA INF./CHILD;RS      /RSC     ;98335;0;1;160;789056701369
